token,trace_sha256,runtime_sec,error
4f0b483189a55d6fbfbe1aa602c547203ff71fc80ea3e8ddffa68cd4659cbe72,c5cc96b55eb4a81f9d5f92556d193e7a98ce15b6d195d58e8d2d99d10132d1a6,12.308889169000011,
23073fdae3266703f457e6da4fd78bef24274f99d4a21cd63de354959aed8786,7f5b5526fc1f1832ad42c47854471d5ccf850a3370f6b2995087f5ae3f3dade4,7.9059431390000015,
31d39b8056b2fbfe8a91a3d287627174385bbaf7d4b8f1ab57b38f252f1712b7,78587d330026afbb35990c7a8f6b0fd99113d34951f65060e86568e50fac60ff,8.593230681000009,
e709bf2c5ad0318d80fd4bb74d18c9bddb938f8580fdbe5971c9fce8773fcee4,1f5fc13cc46b4c1da13f0143434fffd13d6c14cd7eb1c0a6ad8ee3a950edcff3,12.840486958,
7f1ba371605df007abda33e4d95bba21429be40e69ae7420f8777d404c2c5ff6,e764b89d763f9a0a92a32b5fae9b2a2424a675cacd6b1b476a3d00419e8178bd,10.620258942000007,
26e243e173884e2e1900b740ca43a50e3f3550e7a485798e6a7af67b1846cec0,7d70b58584a78536cfddbd6c93170778fbfe97467357b26048dbe0201b18f268,18.857278408,
ec0d6d85c69feced5abb24feb99c05855d716025f05e65c97357e5092a90e78a,39703ed7c01cfe4c334372bfe91ac30c58537034bda9a249484b4ad3ccb9f182,8.154418140000018,
a0b4ebc797ff9bc0b68f5ef5e8ac1694c0cba89f5911de3da29276758d5b4476,96d4a1f87a71fe6c15b0ac78bda8cff7973e3efbfc24c327f5c67d2c1745ba4b,9.621445684999998,
516f008dd237b9b193664907dd73e141a72912ebd1c92e39c532bcccde079479,000a2e873de53c5d37416df83abd9999406b32f768daa40618ff6e779e511bbe,11.043529827999976,
fb11c2aa8703a6e6533ae757a04f675c21809c3a7d10110c554b67e34211bab9,2f9d9498dace82814ae985131034b2f93763b861da402c1bcb684ca21261668d,11.348920604,
1b1f89a6b2ffcca44d653c70dbcb2c222324e9ea05b5371a9c78d2ed28c27ab7,2172e84381b64dd5154d4f9c508b415cee26ca002c96f968beb6e7bdcc272eff,11.352257319000017,
029d82fe1ca28d5639e6c49c1e1befd6b833b489a8c566fe9b8f6fad30f27e86,4002b73160994f696cc1daad2f5cb9a74a6ea04571831b07d41bde902402287b,10.292875861999988,
e14a5499192d24cc5970ae201ed7632d26ab1c2f25322008e5e135d5d27500ac,c7e60e72bae577d4d7356d2eee48cf15d56fb45312875b4912d594143b4c4460,10.597193865999998,
a01e9e396c0bd018a5cffb8ccaa9c26e380e39770b45e973b8e2b6f559fb93ca,6597f7f10027336ff3ec5c7c449d3a42cbb33f9a898a46f93b79e8283c8ffea3,9.451589529999978,
8a3ec0833412948672a2a709aff2e65264a60560a6dd2544f679af460a371c10,fc502105298c4fc08e288749c442e699e1ef9e29d784f6ceaeb28783f01f1143,8.989907168000002,
7f8fd1523f5a8aacfb65cfc24e20706bb0970a2af9d9aeb30338401a63786c60,87620a5f42e6e0abc4da5b483bc7325a06424f2432765fec8418570abed9c740,9.712149041000004,
c4f99ab6723bcb28acd07f2737cc37a2e500af5679e55d3233e2178e54803499,4277c2053e4497040a118b75279272ad93e95f1ca6bd2a149ec250a5cbbd3235,7.558545349000013,
1ae84c7afa7a21899611483feadd8325fdb4a67e2c6f91d54371eefbdc46e1e0,dfa67114aa85d5fc38f15b642d9b405b43a5e1b213fb28e3e21725ee6f80365f,7.585186442999969,
6283bc5fc762b70bf86da744429c5612f6f91e1578f87c5fd3a835ac6a75da0b,12d49a1ea4b252e213217036ecc3b096dc95978998e830d91f74d57f955eefb2,9.677192219999995,
76a9375e6da6111c631a99afb17eb2f3f59dd904167d6892eb7fe6996f1b2234,5f29678409555791d4b679e7eb963fec97da887523a4019fba2b5f5a06a301e6,7.398738043000037,
61c0f3a677f455c82d49aad9746e417425bccc9c643fdd1aba2b5fbe4a8fae4c,a8bc46a10d2e7ff33998e0a61c506e779bf29b59eda82ac0a20d5c0cc8997b7f,8.899603938999974,
5bd4d0e40468520a22dca3f7bd07c6893bb4db4872857121cb7a5ce55018e634,6d4da0136b6566bfd97dd743b9a4db3688b10a32c195d55ff99c98b4a200e311,8.210753624999995,
367807a368c67930972453ab79549055eae480c9afdf52c0b08444c155309e36,bb898ece0081764940bf22a9244dec8aabc5e285b055f617dfd8d40b6c90b5a4,9.071216559999982,
6ac92dcde99aa3cad031ca37f62a974a25bcd3d58504c9a9b45ac13c2910888c,3823f7593f5a863c3eb3dfe0748b0428f9514ae8d733ce9b3157a72277932c31,7.982763438000006,
2bd01ad2c7cc55687a66611fb962fa37be5a03bb4f46930822f5be007b90ca76,f0d59b90763eca8ada1f090bcd033f32b985fd47ef81842ce33824c43ad6808f,9.723697729000037,
3c5801bf586568dd3b7ba4fee991d002fa8a154913b1c2f29fe4a423185b9f61,d685a601eae6ecafae98ef688e9c7ff45b6fcf7ce48e83a819471b190d0c2a86,7.943276638999976,
fdbdbf69a2d9cc3e69f896db680c756a8e2f10698ee6333aebd65cef59befa88,89dbcff7ca19870aa756e3dff0fa76947f29f21746e208c417da6c04a32cc506,8.231393158000003,
7429476482f2fdcbd8f2aecb34e6e9066cbf291c0e943f3362809276729b186e,ce382da3117a64b7a1167835ea99feb735e2b7c12ac3ce26053778374801d393,8.629257961999997,
9523838ee60d61990e64309bc9a07eaaa430c11bd351a574ef18541eb5fa245b,a86ae20eb93463bd83bba7e16b07594e451848050e1a69bdfdf63358f4c33372,9.617174513000009,
30fe25cb75d6fc3cab227ed1c0056a4fe60c3db647cd608ba33e67c04e0755e9,35a59284796963422647ef9428bfb35e849658f1510945cb4c97a0f88b6aeed5,9.831791393999993,
541cfa8d2f24f23fc150466cab8e944343b97b2ce62f6c2761cec3ab6982496c,97f6076e44e28c9466bccdd936fe0f8ffa426aa4d98703714229bb984c3b6703,9.758321189000014,
649112df1981b057771b15e1827d7992eeba4ecce73adbc398531fb34036026b,38d294a153cd76b4b5e91955511998db3a8aaad41f6c08ddb1ec41150513c0c2,8.892481228999998,
9103d460f55874eed0de0c6b2777bd61a5fd454da09e144f3eeeec1c6bacc227,ead581c5f0e381d494c9922b1361205412112cc9495e056ec1df324389dd0199,9.282569491000004,
a9666b7cba936614f6d34217fa5eed14bd6b78778c839fd3b9dc75e077894062,d545c8838ee4a37afa2e86ea7beb7a2487b09fcfc02102366c364b98403936d1,9.183035958999994,
28f004896707eec5367a92c2972c46a6437bdda870e072bc0f665c7882ede9e7,c76e448e49b369d8ee581f59aa95e9f3626a785831952e7a9e99ca59d80fabf4,10.633292933999996,
0028a66e55002b36a07e1f0f76d47216c7f6be107b731eb8d73a68e87755e879,b7080bd72e8075f26af544a92a25a47da18bd77ad76d587e3dd67fd5c6891927,8.896052371999986,
e1bd528f55d2c0e29cde20ec7e9253fe1cf5fe68bdea55a842038a8a7918422f,20b94750057da63291a61e05f673185b67d7383e669562d06b0847ac64423e56,9.091254830000025,
44a2e755727f99c18a9fe234740ded4a9ad140fb2b46f704e54dada20b8a55c0,79f8e40b5881856ee80252c479b79dce9e97d18abe60f50d4b783bdf360caa32,9.501588136999999,
1fcf0ccfb9bfb8cb6d3453ab2607cc7af7b4886754e630f52ef84669ff66d36a,9dbd9dddee47fc59066086d2482861b4b89a2d79727d4dc6839e206ac3c6da5d,9.266160066999987,
060861babe97b13d57d33d3bc95eaa117aa54f7f62e89d54a3caeb681d4dacfa,fe29e638299faf2886cda54cf2754ce8155785c9fa821d88b6f5485057eceb56,7.991323797999996,
3857c9e68b6f8a1c884c75d03e2d525a8b50eb35ef668f75ad3ecf58d23c8e45,b201579527e7589977b7d3c409fa7d1fbdcf8f6d6712dc4251e75bee204cc46f,7.594309941000006,
cef0b4d62d8dfc09f9ad88bc581a3f53fb9c7e05d5a7b1736eebab43e450c224,70de18ac990f1ce76932555589347bf8e9a8c717115372f4faa42db398c807cc,9.117230412000026,
9801117709e9f8f5b04f93df92a7edd889afd3131c8606721dd6a830b9235792,ecd28120fd311553519063479b18fa1de22c949021a92ff51d3b938ae0278b55,8.292796340000052,
42c641a8f71dbfe32b5c16c312769098214d394efb8be579d2f08899e5fac181,22c9198a6c58d70d0139ff3ee850adc7ffb12509e399a68e5184aec4a1882a96,8.726525035000009,
2834c260723c6e5760d63f81aed9a095536ccfdc09c577f733ee0589ecbea014,e70b97406b59a9c1e8c1dc82dfd80a1720b014567d11815031c3ee663c340861,9.123966898000049,
471aa2e7959ffadd4580f0defbb4f5b45c38836b5b5bb25b9e2b21fab3d59c16,ad3339a7784e1d8537e6d7cc2d2d29a59f6d1895e87fff656e87284c043f6542,9.910990432999995,
cd5364806bc6d93bfa3c95a838344e54389bc45ec326fa9a03cdca21aca9da71,a7364d6c98652ae05b0850c542e1316e0171c7eacddc7cff06eedf44821e5602,7.9888843290000295,
b81830293cc02e073b518e19ebf876bc09ed0b4068689f08f11562b22d430b47,5178eca61b3c40f6dfc5e60c6ae0e87b9b2f0b03a22db8c88899be1a9bcfff0a,8.067697616000032,
9112ed051e9133c536544fe129a251cd260f435359aa5a31f863b42531dfad67,c921def0e209406d130db2be7b07d1009bb672a9406c3d81410feda80ed14838,8.957292220999989,
