pair_index,mode_count,member_count,g17_trace_sha256,cache_trace_sha256,point_artifact_sha256,output_trace_sha256
1,50,307,e231693bb11f2b1e1b5dda797497c8d21a1961050ef516427f272ff7abeaf8c3,67c8dc7cb68366eb980dce619f030ac643cc92dfe9a9ba08a8bc2afb9eb5c632,1f4903da728a04644fbbe37a7d43c79984404052ddb9133b60c5aad205de4260,01008bf2c3eef3eaff32afe10434621ea54ef972589a370f6e568f56c05bc444
12,50,495,30fa0597579b988aff72a98b72188f5f64354d4dc80f9161ea1b0ab099ca7a6c,588fe8a2ec0946d59250a4fbfa30c61b02f394b284ff87894ea81857f73eb2d9,096f9e06298eff6b0cdcdc8f27fcfd6fffa0cc1d1ad01c3ea1a4316204659561,4a7e49bca2391ae170bdf0393a7794daa7230d3e88cf4275425223e6ac028cf2
28,50,284,abc21381b534b1f105c63caaff46cad354d10deee969b6bba4f05eb8e1a3f4e9,6565c4cd4eb2ab7a264e267306973cb9ca60a96c294417ebbd583207e7d49fc2,04e4d9036b02a3ba4c94be045280cdbc486cf29317306c9e315d7fab097fce19,29af6babbb71bfbbe5385c9df4cdc88a3811bfe1b9c0ede486b36f81b3674157
29,50,511,3f74156956d23547e21a446ff8f37e6dd34b49afacf4f6939b5f8cc1cb1b8eed,6c5f9f3d3f4ff47e38303bd2689ee7794d1eb8fc23d51b73076e5ebcd3885441,cdcfd695964ff0d26f6e4a47db4b8b0ac5aa00fd0aa15f30094f9066b6c85ddb,35156dfabeb0c155471cfafcb950d6658d141e73279f2f8da196faa788f9d72e
31,50,384,138be662f78ac64e99e4f8c65f8f04fdc154ba048b74f9b80d796d4aef035cf5,ddd00de0971fe98faccfb71c146c5a21b9145b5f112a21f5f8722307c4c1f44c,e901d6fc1fee5f117f3d695bc897ff9d20181b0421a09246d2734b1a827e99e7,4cb8c40f5710a110c60569d436acd3f09ddc7359eee321312ef8212774a1043e
36,50,301,c3f6abd9dfc409e59dc3636052406179c9c48e35b93869786536f6b8a70f57e0,6dd66479ec81556e3d06bb663e90bb9050dcb0f7d8090eb057631ace3b7bbf34,d682a7aa7ca5eef3710688b3a2b29b30a0a5a6425e7fa39c745908c690fc7aa5,30821a73f11e51c130acf90bb047281a57b186fe363bc7a9ca16d35c5c2eef16
39,50,560,d1b30872c1412edb6f7800a74d593b52752dafa0a0dc631e7b1b0aa4a2e53a5d,cb9b8988cfa2d0fba7f0328e10c6240c0b0b4c22d765fb94f0408628e2df7602,9379b5a7cdee8b3abaab7844447177fec2494ea2db339ba2799ad425c550766a,787778ffc0b618aa379965aa5db659daf1d76e0edf2217fc5b215e208eed31de
74,50,284,637fc26ff5efe7eed557c0deda24d6ba8bb63e83aa84ba0451bbc2fc62f23a01,0e43a62091b75ae17e39d1389126104f9de3298ff84168918ecf39e73a82b26a,a68d0960170d5f3d2247b23a5fb6bedd5d3600f864bd77a6fecb1813e54e18fb,13ad994266563187a71e3a5d0e429be8385d1fa50b90c5587e7fe9ba95d83d9e
90,50,378,be2e50962595352e963cdeaae21663483ab348e82089d49525d30faa9006db51,99324779a32b01a1c00d19414c235227439d65eb47ac20005583c1d96fa257e6,e5bac728a044e4048dbf76cd505360ad7e8a8fcbb2526267f4830993f7eb75d5,e68f2ef88c91ad1006bba3385091b06e783cfbb1510b2a0e5ae7f3fa491fd5e0
98,50,448,e7b6c65cea55d29cc33bd2f38ca54d7480cac770b55a03dd572f9bc5ac512bd3,06db44e2c3361cb146f2fd1f96ee4aa4826a9004b6f5a797716fe6dc25673c8e,e56b127f54b94b5b5efc80def3ca447566ed3b7880c08542415e57d3b62faebf,d1beb546c7161a2aa1b56b704847d309736f9d9e25e89b02ad52e82ef103c323
104,50,235,a2f53d5b72ac8fa965aeb38020b66103ffb962e4580eab0142779a94ccacf4ba,da51908a5ccb3be4fe2a45eaeb8d8ef979f8d834b284d374c708b1faa34073af,b8ab6cdddd2530863df032cbd41125bc0eee73726e0fd02bebd04659dbd6502c,fa2d6fc7abd1039d17b4b2672731b4d5c3e12bffd5cfe7cebe0c7fd0b8f2bd6c
112,50,445,96148a9da9348f87345fb5ef8f85b62dffb8d231e5d1be6c51409d5ba9e6c366,5efc66d1580f43d937d5f84916f2200b1c99c3ecf596e7ae134c5f68dfb964d8,c046505cfd3448f36f292d14da9c9b914e27c4bd5422b887504ac48154de87a8,d8b7ecf9bb1bb1d48a5123a0550210b31e531273f6ee314522cbed4ca07ebc11
118,50,477,ef6f9976517cf42fccee7beed6d09a6f322a3f0fcd1ed20067b427c47c5c1655,293776e7fd36a278f38ed024b2b1d5cee9d5beff914407e83b38da44149f75cb,84609c6a112034dd8c23697a3a43098bbbc031f52cbf2225dbf5500baae74a8a,df45bf1735da2cf0a7f4512004d54814cd74bb57c62fa9942702b08af09ac632
120,50,219,a72ad03b1c9435691821eb08f8a573d094e784b883059da773cb40c46a97ec0c,ef96fbda4cb45e47808701e8462b81b09d673245b4fb4763956e061798c0eaf1,8877b090213b5ed512de01b0f188cc2a3e24ce7d8f734e267d2c88cec8a25b38,359fc00f558de4f8a4cc0be98952312863f61b8aa36d19dfb2cd5c4e24f226d2
134,50,231,5d77dca60b79a26c74c0c5a3654a08fc60008a05e8d0f5bf04b1324c71f6247a,edb602c04a5f91b52719344ccf78978d919e9ba780114fc2253eb0cfc088596f,0fd05a2f46fc724ef8166b79f29ddff2301a67f60984b41c86ed4a74cdaf9de8,112ad77140a085b68942e61de3aed44b891086b49f6f729fdb72850f3883078f
138,50,324,c106439673277d6126d2e296752179f8e293e6072b6043c05160f79703aefb24,ec9afa79e7fd74aa950c50ea18d86a3b8ac6c97c108ea442df99017bc4d4b2c6,8a73d62178db1076102bff31e1e9e5bf679a8512e7f02940975b45ad21051cdd,549f39d4994b35d398b8292985565495d8f9d4f3490e3bb481b4c1503cfe3527
139,50,489,d1a562d9d6186d0185662fd0110e26bdb722a02f7109cf73fb7891e76287fae5,e5ef21866c71ac48279488f154077c24bb49e32fd476ee0d17b9956a0d53ccf5,95f7e4c41ec3126f52e8e8172561246749415404d6e59e2f4dec45b06ff45290,42c0ca80e1ea1dbc746cc9bc111f20504cddd7d9cddddb66dffa7202f6b51c4e
151,50,546,42755362fd408015ff6e72bc5d965f97469512cdcdd9c29f2da4375ce75a19dc,315b30e3647251197252364da032bdc014d02f09c429469eee2ce23a8154e28e,5e423e433068c7d95ec89f7b93529312f812ca3a2ec3fa828c44430b871a7958,b88d4ef04d75ef3b6cd2d5370d63d6b79408ce82801dd13f783489467272ce7f
155,50,220,f29d89688bc0cb6cf3fd2c269f7ef75cbc4d47497ff339caa388e9401b5af3d7,a51053f78b6217078090ffa04e9257681b7fe9e1604bc002ce7f07707f543807,617e10eb79f0737decf20d29b26083439fbb5069107585ba0a9005c49daee78b,3e41c5c6ed15ba858ff8a6761fad743268f659ad2cf94f12e06aaf3be64c2b44
166,50,490,f43885060ba6ac7e622ee91b61ea9e236afc2d7508541edde4eb0a9b2f0f44b3,c73fc7475f4b136d5352b46a17ec970cba7fb80946ae9f3cb66ad30bfebcf49b,483d331cc7f93841e392a98555df1c0156af1859bc7cc3797a218cb38097579a,99f43061fb8cc1b6430f5bff24d8187db4089f236f025eeb71435282bc758189
180,50,420,17826fa73c40152a15e1b9fa9ba3f06d2ed3cb409c44612ebed9d6dbe1681c73,85b2a2e2849cc39e7ad794e00bafafa5c374c2ebfe6eff24854a0362df0e4252,3133a6ef79154cd29a731f1fe52363b4c1e5cab77299ab1d0c6886e17f2ab12c,641a21671dcdb3a003a68d55d65b1389e8edfc8879b36288f3efca9f8b99d89b
182,50,393,1f2eb2b6189620010997957de4322eb22f7c97490d763dda8c9bc2f4397ecdce,658726f66e86ee52bb7f03bc690ffd624cb0678ef46c0c3724394c2b46df94bd,d2cc88061de6df0f2e9171ee4587e1a0136f9258f6a68ef026746634998a2bcc,02119a7b32ed9d754348b7c03c098a0e8badb8c3e1c57e4337ad80abfc64ce55
198,50,331,4a1cdccf4d5a9739e9e79c33ebcd294816e617fef230d398993ea8784f3c15ea,3c9e39744df0521a471cf428d4f5a9ee59a5eb0ae8dec806ac4bc228a0b6ea75,16d0a5ea1bad931b6dbb117f5c048c0b160d15152567a315a2b8caf172730400,b06a7f12bcc99e0493337493d58631437e6e8c8b170b146c60478870d906d947
224,50,405,489d89dc6aed0b000cd4bfe6441453239d2b3df15a9bd1c0421ccdc93aefa6a3,a08805bfc9c4456fccce6cbc9f19749a9310415633112258bf112d846a0d17cc,b60ebf71aa3496a63410f0e03f316d0de6732d6e268db814421f9718cc495dec,54617ea026be2e33380204c8ccf491b693d5a1c0df9331a818ece9fb4f9d398f
225,50,394,571526e32d6708db28053e13a3ed8c8369accfe340cdb2b7894992efbe19ed14,5d9df440a4604f888d011a29a84d974f1b31a00f0613738d404b251eadbbb67e,8334354dc1a47b9a72e2b57e33d59073ab2f6019c7296c98228769a41fd3bac3,983e1c6666af1b6d3164ea9cc1806fbadecd81c4451e27ea4ef47118d21026ea
231,50,301,e5fe0c8f64ba31f17822e5a4e6eb6e107fb388362a1048d9ccde9b912aa057a2,8e4619364703128edf8a125abca6d4ea1455abc9eddfb1f3a25a04aa9949b276,85daaabee89feeaad3e1d8d0404b4254e33d0fe8326192bc3b101b93b16989eb,523213d9c7a4169987b8ac9a519dd912b33b5973507f6eb18057068da57ff8ea
242,50,410,291917e3dfb4eb26c6f9bd46eb0e053ae0989b263c723d22894974b726217d73,482cd5b7777ba6668051ba9df7f34559f00b3b71f20c04707d168629d1e4fafe,a5a07639062ece510501df079a6234f3a026601bd80cf6c0fa0133e87fa1a128,9450ad2ceb716ecd6aa320fe4fb530e09c40d4dc42dbc0b39c068b966f875e67
243,50,214,0c8d120c0f9866f6daa46c44dfacbb9f8d23ee2a4be5c5958857b1448e138daa,9f14713e0feb0d7764f12603188a47eaa83cb6281a16b5a803d0cae63c1dfe62,a074940b57ffd5a92f33b0ec1e12f0222fa6063f935552e281fd5d9879420ab4,ce3f0485f4a65bc652f32727f6574c6ab9de77376de70875883a46c53bc5d45e
247,50,387,d0dd5fabb2a59cc3c7a01e3c0b7a2f618fc4bf3bcb7e11f661244ab2e3a85261,3885e5407ca769ec6528847f6f595164532ce4af6a209f8820225614bb9aeb54,d13e0ae09466cc6aea76b6b4605904480a35e0f9961f314ea0c9cd09c81803cd,2c148b8dbe6137be9eb151707be3493d9633a998ed6c4e43f9b0babc5a6c22f0
255,50,518,a561a47185ef8baf6c8ac6618834ed45167cfa97c9472e6e041457639e537fd4,31710e164619fe262c7730fa4121c1ffe05d539928614115e356949dc9cf3456,fd82cdeb62ec74b477a23dc75c98cd8b14aefd98ac148735e367f3606947a07b,bebdd7a2785f10255992e55156db1e729e3947a167a02d632b51df779c53abff
262,50,460,781bca171eda957f7e30dda5fb07c87b82008683a56ef2eb4204dc9a17eda407,0c91cf7933d63883ed30faab03b40405e0e82d7dce2de166185d616bf80f88a0,d854f2ce4731b1c9f2671cd7da6809d6dd6492845102c2a7082e4c0e9bb19e27,be544c782febbb006f1a0c2c917221b36609b1a9e088e5b1918ab4e80cfff3ce
268,50,374,c5ef47a2e4d8ee3f359f7c7e1f8c3680266f7236f5a09f2182099bce47106208,cc10ea03bba11787e6b7f5ced3edf9c77f84a485975681c00802506714bb9b29,1754699cdd905789de6c3c7d2bf4ba571cf66df2fb2b76be5ccb2f21b49a4e6c,511af7b148cbc0f2647ffebdf7ca1ddd4d62def7bfdcdfaf0dd85f25ef3cf521
269,50,304,d09fef80906f1ed217fc0601760d63a38792e45ef563121e1ac0b0c2effa179b,aa4597e59746cfc7537984b5c37e97bf5b8c8a9dfcd3baf8d89e018d1613e6c9,7180d130bd030b12dad61c20362f6eed4ab6c1c5deb9d9068c7a1d4505754dd1,5a391bec75919973a93b3e311f07dd3a134f88ef9c9201a55d8ecc04bb5f3be3
270,50,459,6edd12c00c66800a8c2b1967e805da7c5ea65629b17b335e97b3debe40c0ce5e,d25b683531e58f8318e02627783c37b2be4cdca412f5ae7e646ec8a7a3d3b31c,d34ca266df73956f694ae1b493dd6372d600360f6f60ffece23bacc51b20d621,0f6f78b624235999c44a26bdc7a9e149f5302f40069d319afb7b8d5a656a5d3a
274,50,312,6ef1bb00d941579041a4cf33b27fb19ae3337ed5c79814474c9b957449e988d7,81ec7ef5b0f509fb1a11e568d56ab32fae8a78e7034b27312667e27b81a6c1ce,a77e3f94b7febfa0cd8cec21e7ea75b57c50e47f2f2ff87beebc68b8605a3824,dec76a058e400cf115d848b4ca5727afc3c5b069d7d533ffc0c9b3755cac9f0b
292,50,319,f52bb20eab504157b071c974f14358996781a524bc8e95e8d030b655ace442cf,2aa89dbb63953b65ffae5319be8348af6cd82478df4a9487210439ac55f732f7,959890f07c3c5ce4cc481cf9a4082d7276dfba26264b47c3b79ef8de36382f2c,9e1ccc9d8236e6f620f16aaa42966033c67f2b3760b51eb9f14c9c902b0abce1
319,50,382,2fb0446f269c358b2c23cd455022966fdcf86eee039e87e9887f3996e4b4cb2e,e1e22417f47bad579ebb71639ba548f1fcd088b3798a8de4d15d3bb211907eab,18c8da4f0f9b8bbcbddcfb3ac6eded6e016692ca32bd417d763bc0cc65b90c5d,3b26b2dc44a336c0304b95dab95e51015c00362cc20a5beb7777054755a056a4
352,50,298,2aa988f8dabaad79026543935f3517fae6f1703b1b2b49a74c0e5e1ecbf6f7fc,83534690536893a3a60670820d46c79124fc2c667871e83545500b9d69bac2ca,1c13afb8ca6e3d2310cb4eab1e833c4c23718bd7f12b4571d8622cb76ea3304a,a2ad5ca17c20c72dff9de12a42030d37ca0e14e16872fcbe87e4d7d86f8ef581
356,50,375,296d528266a47a4b7f544562296147037c69f1a5cb29b1f7affe93367670d892,255b6fde54edbed2488ff91f951e18b4225d81e03df0c8f70149f8d1e1d36c3d,80a556a53e08ca0ec2cc8c3e87daf55c26fcf7e321fadd90c92430807314e860,051d66ae73b1940957b6dcf4e6b795f2a8694ce6bbe415b34f011ad0f10c158c
370,50,300,a09d936697f7df75dcdde69b8b7837e1268d92bf823f1932d742ff1c614d6119,d784e6dad1790f7afad1227f5c879e748982332b0ec2091a04aa386d55868a31,0df8482bfee310ef1102424f8e5300605cc84b64815a64b6f84e4f94b55c7d01,da83b3626e4b4af8391ab7a8dc946ea7296b4cec4a420c83dcccd7cce01134ce
383,50,270,9bd7217bccbf3ac4b63f8d396881206d778a8ecbc4bdb1d5e7c7af739a6f3d06,15303207492e7b570236d4818ee897685479cabab4d0b513d408fd04411ac78d,70abb8faea0c803bbde8a2b0b6804935eb61ea1c5fe77ece28cab615e2be3815,41c3e9269f3978e3e4ee505e3c39be20aca74d6028572a09b82c69f9fee50018
384,50,294,3e563f83ba207f15327cacc065927e0ad7c1c8340665d963db15a0c32d212b70,9c2203bd1d84d3ef9725268db96a8b322540b850c53677698482e0c68b3aec27,f5c9f38043223223768adb32b04e6b64b9826ca22f416ff4cd8914467c8c8ab4,9f19021b0cdb3bd12ec9df8db937bb7657be44a9f4535aabddb6859a889ba44a
397,50,301,a512c961d84bcf66b26973403271af8179c7ab659a0b1eb190189ceb87a4fb44,da9750040669483ab5411ff49fadc4583e19587c1f6793369ae06a89fb758fb2,525254553d8165e131313c7a70e026ab7834c09ee21328010f71d8582dbedabd,19528861163abec47cb01a198b3d506c34af15633d30a6f64d6e2bb550c4189d
398,50,268,c6935c8a5a72fa6791d5077c8ee85887fc09464b5706856c4a1b116c827c93d3,451223686668abbf013bb508a26d882712ba6ca4e7b422269ff4cc5e87ca663b,6cdc033d1be0c80d8f7594102eb8305fc6044d0614c2e8dc608d68b8dd327c4d,396580aaa5a1ca9c6e9efc496f43cbb3cf8a833f870d68478a2cc9a56af814c1
406,50,197,635aa709add429dc666677c14eb50e4ece82bcc8ac7d3b9b7cb7196b76948667,1d5a95a1ca07e992c1311585a3584b3bfe36b89690a15c26e689731d738fc3d5,77fb8b30e2ee83d7cb97b499de06cb9afd74725a632cd6d96bc2527717ff617e,3f3e9d9d5e73b2db45844db638765be311e93fc96fb2eb6ee1da8dca6ae1ce8b
407,50,225,f5a9b5c4deaa86b28a48f9dbaf79efba2e1847666f4a1157ff8f701b12730766,e6e921a857d408449f5ba7342710b280ff9100629854acae814bbfb18dd67b7d,a77d0f2a286b7ac5f7b0781af67a5dfdc9e9e21a7b552b7a671d8339aadfcbc9,a0ed50bd43a52fd91663bf15f97e22e4ac50096d035487215fc96b924b8cfd8a
434,50,337,191badb84c268530e60bb62e43d8ee305b9a4b63c2f2b0707a0c7046fda47c0d,e5a34f0930cd68bc7a23da7585a437f6f8bad41ac93058c89ceea18bb194f3ce,95f5c5674199a06ae93ffcf17d10051935140d729a955696f54372533639ab11,936c1471fbbe2e42d2cae01838738ded15c6c4f5f72feadf89b530f6c402a15f
459,50,298,8a8860411aad73edca44d57ecf05c4c4a13e36f624064629265689b4fe7ba93d,7dd2a515ae3969a8c7a989b474ca9261ee6883c029339f9c5879c8c8e0b1c994,0e0adbe05839acd01226e894d3b801c98d8fc6fedec888693de21186eb169b4c,2f2a01aa812789eb3583b7f3543b1af205d6c02e4fecb502315592b7ff81a346
502,50,378,105821b970cb58fe316ef467f2897a04b0abe577394bd3f53ae7d0ac50529d41,6f0397b05b44b8812ef919b1fbe2eb95622cc696846fe9b1bf55479531a73195,d7a1d12493c5fa21bdc82f8640bb348aa43aeddfd17c902a7301e93a599bbf52,57113538b1536e1af2182cdc50ecaf63273c2b268223626d115a8596f11152da
514,50,240,5afac2e1dcc35e3c9e812215697f35dc2cc3f3c9cbe8d16deefab550c6c82d2f,1f8ef9365db6fd1183278d6120c0b795676eddbaf1ce8bda93ac321004370a3a,752a85b4119e7edd3786113ee3292c8c4bad9323507b4199231396934f0420b1,bf220f15e697c8cef035c746efeaab3cb0602b81aa476b8af2f82969ae3d1b0b
516,50,234,e61dc1c6d202442818200dfd3e44551adb77cfc3e5ccf3139d7cc6758c33cd7a,23460235dd639eec7a64adcb052a95c0c2f7e9b7fe84369b0be49f0800ee0d37,69acb6707ee83cfe8b597e71c525d41a621424b1d964cbd1eabe16c31bbcb6e5,1ee1deea0088367fb00a52790160f5f93dbf820ed474d1db85920f99e265c147
517,50,201,3fa504880fd885a0fb0006b4c81395eb598e8102c04814d0214dbd9c8be01ddf,703d9b705d463e345f46ec49d658786df9e292dfb3324809eb404c885f069ca0,a3738ddce9217ccd8f4f11665fe88c244aa84f8b50627fb1b5ccef5511c1d863,6e150cd22739e3f6e9418ee782b399aae3503ed1738968d2516ab2d390af0a74
519,50,313,fe76ca5d4a3d03452312a4ab498db62d93cf8aeb8a4f571bebcc5b33943905e8,3b659f54b98e10cb90579be39eb86293d709e1176198bebf4cdfd99a21ad9d4d,cc6cf82ac033b25b7305e9d5216a65e3f67b6ccfda2844bbfa4d412efb5c5cb2,1d7db630415dbc5418ce077863fe23db8f27156a248af083e81455b5f85a6e44
526,50,390,ee93034e1ecfcd8261b9e5e10b19184d56a67f58388eb824a6ef597c1c183bfa,0d05905a421df82226f77fb204dc1b99d57a92ee7240ebfa93214cfb99d1b904,82249b1f506c34d199c3c60d87b92e413f8ebb72f933ac240a0a810b71fce9cb,b32502920b3ea5cf839e30282814295645139e6f4fa97fdfcfd941ab6bbe7884
527,50,223,4ef45141241777070eff602e6300b5fd9090a32c99bd4018a78b76d3147fafd7,28c104966844fb0c207b796e5c0197434e1653e09007b4fde08314c2a83b7f6e,00867027795a2e9743a89a1f7718f8f6ca0fadb70a5d368e68f562df428bfc4c,6440f87ff1bb187b8dae8eb2e16665248948554ed849ff48e96ab598a75b8d0b
533,50,283,fcc9406055c0e65fb2b3f7f44a562f604e7da991ef42fb3f872f51c405849c26,9a2a5b6707d0ef9aabc63df7d24e8f281a854290699750aab8ac96db3a55f075,a54b8dd85be9a47ab9bcc0efea2da0288c81100ca63119d68ed5e45679e16067,d1bd2816adbee38897861ca8ee29588563af63affa5ccae1a017df8c0a862089
537,50,238,7a9fec352749e7ae02c1355b4a8a39e0555f98523a391296aaa0c37654ef0197,eeceed07d71a01c07bf01a9236bad674529ef60af05f2a1c890a5a477c0b1fb7,aba82893a208d8cdee33a7f79a82f22ca75ce7a6b3b698ff121a844d1364ee91,3239143e9544f53f594e2cf9dfb8a9e39ce2f83a0014dcbeced8a19b9e055468
538,50,236,28ad20b94d69b5434c094f1a60d16070a64a812be3de9c9451c4a3c26162afd9,2d39e23470c5fdc0ac8a40703782803315fe0ead66e6c3da66815f92294f2e37,b020dfc99eee60e3b5a5358f42b84a3490623dd848878be36bb2f4ff82fb07be,bf21bf626a5054fb32a72aa7bed7da201e177d66b21db8792fdb40053eb43336
548,50,299,e9f73e5873fabf598a9afb274cb86b137efea6094758be9a47825081d64e3681,550b2a5635cbf2dbd5274c092318ac6f86edcaf786f68da229afe127bcaba43a,67ba26ec1b004018f89cd32f327be1dbe409cab734852dd098ccf6073cbcca67,b7cea24042ad3b3438393ff17f6a40dd53350fbc3ff3839ce538da238ca4c6b2
554,50,251,fe0cf591efe973f36441d762afd5ba7431c8bf86411fe4848dbc7af090b8c5a3,62eb9a0d5e6e8a3e666aec568b1bcf8bed0e6e32606c22e0f11c2fe1a8864c66,3c3821f2c2a56625edcc51fe32dab649a2a59ea0e2b77ed577722cb6d10335fa,d9379efd202e5717475320686921eaa710e2fde93138779ee16e25041bdbd230
560,50,179,64d2f3553d77a04ceda24d410a787785d39a1f64360fcdaca8d805e14c5009b8,8d1599aaa1be37a41e2bd03f8e90a146c75de1ec52360bba7bad01a607d91de5,c825976280b7ef0f43ce8aa46733663ab9523d6af09f318db1c3b96aa1384adc,5810d9c1bf2ca553bc9074d0569799efb251816b3f6acc2b0d5c67d3a3cb2666
566,50,272,8b6d45e51fcf016e25a9f059d2fce97597897507ea1bb170d83ea95e3dddba62,b82f4e003ed80240cb46074c8aa959c578823f92ccdac76cc5b8986ff0f2a196,fa6a5180b6020388790e0bc68d2125f2937a2168ed16488211178809040ca947,32ab27c99612fb1c3508ab0fa0ae3c726e34db3d598d58655714de0670bd18f1
567,50,265,7c7176acd2699aacd2ad07d2685e558ede6a630af1cf74e56a49530c158bba03,35d12037fd6689001a41464d9422a2f241864e41aaf50e1dbb8c6d6387561910,b6f7c78c51073f2d10c1f79404c237cfe2b9af0482567838d8c83eecc212ecc0,470cd48aac1e4598804f05394ec82bbba40e417183297e8411955cf2033d6653
574,50,363,5a8d998568d5a76b59cd0eac65e560493190b4a08243162be961a6d592ce0f0e,32b6dab4e427c46eab68d0f535e76770ec5346336ac8682bb66c07c9c26e1a10,0e3c7f2bca9a69cc8aefd921996f2b31299b8d336141833ba5c0f31d2dc50f70,28b657b5606193184e315f839a6db830d44c815d2d4f5022a2c6ec9385fa4c4f
576,50,435,fc6474847f7faa3a06c12a4d4f02c56b53ed10d460dae1e7ddefce0075d8d31b,f3e3c7ea987cfd8a6ff66730d9ad2cc4e76e665f7459a29c38ffc858cbbe239d,b0ca0431657987e8cb7620f3ef0e21e13fe32f3a381e64eaba3c9df86339119b,fac53b1d37685aa4f809b0bba7293e0c3d79f80470c46762d422c5810ba4998c
577,50,391,6c8ca5d19521d6709d0518988ac05f5f42a31ba6c8bbfcbbe41cf598f468915c,102774ba603fcee979485900b964a259b0625f795baa4d02a02e16e5b4cdbd9e,6fbf2bef47e6d2afc42c91dcf974c8cfdff53cfee21b30c0f195f8529380fe1b,e64fb784c64d156e32ff0c5a09e6287ba915ffc9b34292539e93a5f32c0529a1
578,50,408,0bd89b8cdb8021b5065c2168a99f6f270c097f17709bbd9a4977cc891ecab73f,160079add1f2c982a06c3f35dfd873c85562cf32f9e744add568f24057b1b58a,085c4e9eebb4437091272303fb65f096775f3a2a62f3a6a8dbb864b465e925af,8789fab34b4b572762fed39c1c47122b5c56aba7d40f216c958f24093583a1c0
583,50,173,88cd2471fc11f64c2c35811b8a09b5867ff0b809584393c12c045a31b021f796,d694959cbee3f48bab9ad44b2309a29554d6048f02ed76d33f4441b5572b257e,d0578aad87990a064bfabdf0da905cdb16e85cece5eb02824396b389489857e4,e0980aad3ef37eba76a3b98a4eaad33f464a0b9f336ff79566f37bb4b843dddd
587,50,244,d88ae99cb25d1db5f4cbaf890f1124ebb3b1e66c6805d51891a1859c867af719,e26d9fee0936b04e006e3722e19c7611a5e704ef2da9fc3b47e12a9792d73572,2273abd6d2b86975b08be861e4ebeb1b792b070664f45bf952252917ee5922b9,6e1509000f8429181d09c158ba481f4862ac7446ae9b6cb0ba7a1a8495731bb0
588,50,256,704d05acbd778d2c9cd9da32eb18bf26877fdf088b2ad24438b3a0d89bad3e9d,e3ab803666ef84225981c50981b47ee5f9f8dc24e88434471d8e146c2a4d6347,940bd8657ddc28a12b3898c80996982bf4f0c71edac69c3b19734394d35091c8,0a9b1a3f7511925f4d5053420344d8ceb0e9e27686943a48f430a070f5e6ca02
590,50,235,077b8315dfb8ef74ff9b70b56996ee7371290477fc81e934f69fd807f491e195,7e7e8ed0be89d0beb36bfd5e918f2759e869ccc950ede607688c6cd55c1ac640,e37c01099289ba9ddd7fb7c8920ea49d4a74bf11d37e255aa16833454ac224f9,c0061a88715a7b4f451fbfefb69ef2e6d5b6299245e0d7a477b0ebb58ed0e811
591,50,348,d3f8ddd262ab0423c1a67cab5c41f65bd4da00913b815acbf072f9f4d34bc3a4,5da24ee3bb57ef33d774d7228ea0e1689dd935e711e280180c8b17a676455733,95f41a5912d47ad8547ab7a5b7fe9fed88c7dd799c02d23c40c4b91929f4b158,b6ed9e7a3d01cf6891d6d9b17a98ec167e83c26a3ed2179784d95172eb56c2a9
592,50,343,bed62e68bb212c5047cc9ce8016b14efa0039ede666a1ad5758a360ebe312602,db14bd502918d931939391bce35b5751a282f34454d43838046179986c6aaa25,acad41645ae97bd0ecbf0498b75884435370ee70b2bf15165d946c8946631eb6,05f9ba6b961513c65e90ec82336f6eee7fd8ecfcd536addf151f20bbc57f84f8
593,50,198,f43d4102e7c46de449df69f5dbe547f333d072993f3ab85b3ba47d82ce3b52d9,8ca70de835de938893d6a122853b8b5d49b3c7b77083a95a3b7a72366a642509,615c4781d3e4211fec624a0074eded234e546c6499bbbc8392f86a5d85521348,a71866f5266ee47cad531701df5ca492e12f7b2ceb6c53cdb3cb6f8e4df0d9bd
596,50,310,aa2682119773e60a747d3e9adb9850c2adb01fffc2a1ce48a60f65eeac199a01,36657121f31f3cdaafad28639431dd4b8374f03c3a10def919c00ea14e310043,e866c75db90f81376106033ed54bd9c9165899d7a49e4c8bf41aa93f56453b8b,080d09be57b2c98c2f76fe9fab1eb37f34a944bea6fb881877f8f33ddf33098a
597,50,358,2c8e5f354c4d9ab2ea82a401f70aeb97dc88fb0a02b45b151c3cd522b2f65466,a5995c621e3d1df26a5e47ee113b7a8c1c61ed027049447d247b3bc0c653ff02,06eb8624f1e4ad16c57d703c364efc8fb51802f87270b1b0a5df0d27900d9ef0,e74c8fd7e26932db6a3c26e21e908b8f50c0649e53ab282b7e117326b8d70f97
599,50,487,8edefeb17a72da401f743bfb2717e3f34129021cd8e35c815df5fd7a118fc5b0,4880c34cbfc0aff1d2a2415440311aedd24b9d265e684a3a23e7060a7f7e52c3,2f23c904d627c9d3a82e61ab6f2666b1fdf991f15a6fa202adda889fd0aa2744,90b2a170bedbc8286c3727d51c2447c52e60c80b6b09538bc1e8f79c5f2e3b57
602,50,168,9438e7f576e3da69be1b837f237758cd9fa801dde41569b53f5c8eb555c83576,a86a965a27329ceb05b4798c1fbc9f885d07d5ae9e63e4cf6b8ee7593cbfeb93,d3b36901b00d9faa59491e5b59c48717d3582a982e704599091c06fbcbf1a891,636a4d5127c839bf9154269f3948b647783896e6ce318b46deb9a1221b7bdea8
603,50,206,7b579615a2138731d584a49ff7531d38f8022175b0c785049270f94f75df001c,c6da344dadb4fb50d3259f13e78212203ad328fbf26443125e501c8f98f113bb,a3399fea9d6fd45d891f3202367c8244bfbebbcbaf9518450cdcb5ca83b984f7,f95e2f3ddf5b2d4118ddd37db8ddb38b8b8cd2651674c49f4882ae308e3295da
604,50,274,4bbee21aa4c657ee57c31838413ca7ddfa88c11980c7dc291dfb320e889c1533,d6b1df0a78960fe803507fb9988d3e7abb82577b0af59ef0e591a90584614d8e,1011c06e2517f1fb84ca41a092d078baefe2563c118991655de09a405c459b17,3ab44583a21e48273461f4db646a159b75e46bc2bd3140110323382db3bae4a8
606,50,250,2423f0e4c1b39b271448933a9581568af242b570a281977884647bf8e932a511,dce18a1ca33eeb3f1f79870d68a3c625258a813c4cf6e1afee018ab16ee20118,78f239af9e73b3a98241c22a2b5ae0473839df599197634589206138cd0c066d,054bc3d205c56b146dbf9ffe496b095713503f76ec7d86bf4c6fefc46ef964ff
609,50,321,1c311481e8d6ea6c6665396fe9d5c6ac0c235646c2f42ec1abcd3aad4fdc2198,dd2a093c93a06ba5240c7307ba17d944cbee1b8835dd33c6c465c225fab416f9,a78e96b159638674f964e1b61c5b85a215623eab172de275fd28f890df4cf74c,415bf39e684ed6a3ea7727b56a7c733cf3e1f46e3a4723699682d213d2346554
610,50,349,d82ca96018e0287c5278bba9d19b0696024599b7866e66e0c3fac564685e66f2,d9ae5322b4233a92918bee782c06fe78274ccb49da2d3d8d225530309a5cc434,5c56537aa09263a10dc7a6d1e16edcd0bf7e184668c219abadbc1bca88ca9f2c,51f2003989e33719a2c1390557da1287f532660c2f7b35b2507cab22ed033459
612,50,196,d168f5023b1bd09035fb0760e5ca2f79d9575948ffcba60fe099db7ca7f25c34,e087d7c34ffb961ffb9b8aaa4a5df23f4490ab923c56f78b8a0a5294b3711e8c,d5a45e96d79d63f9ea2061f7a7b30fa76939c6ab9d854dbac8dc43fbf8a2abc5,3f36663d27e71d2f7293d7e4cbd3f5d8cd8969fa9fe7e92f431524af897d121c
615,50,408,4dc708674ab3327cc4a17b1821c872a55159002dfa4540f51e43ac9e81f7a58a,a0300bb45abb8685679220087d8fa64669c93ca4fa7ccf93ce2d868b02f7366d,9a7cb4c52abfe5cdb38fe030b4819c5d1806f38850cf8535a3e3a084f9e424de,ddc396818a5196b84845eb4dd49a2d34bcf21be70c81e2e373eee4daacb37010
616,50,368,966072c529fe7696708b33e3566357ff2d7867ff585344d95ea38be971dfccbe,b19a4b815e668f5baf0ada6c48c6e60270c94ca153a1ade0762a76103d7f9599,09c1d0571c351ca8993fc1627b187be914e85bd60540d367e189c6a53b1665dc,8164592678517b4f57c9d730ac03c84350580c3a5f9e6cedbab21a16edc4e61f
617,50,480,fc01bd9271c5dfff564534b9d7e18685bc021a97927dbc727da9c5703b44c1e4,5be4ac94b05be8deaf381c9831d161fa6da76f2a601877dda960b551aee93eab,fd3ef7b6c7ff9269c0ca555c5c065573771ead3f72cfbecdf79eb909d2080c98,ab1744f14dc533e4ef7eee2cfaefec5ae7b67e2d0296ec8451eadf898f541ef5
618,50,522,13e8799dab4351fa801c3d43f5004f3c6095fc5f08390a08aabdebefc7cb0a43,81d60e7049963b25e44d6c61358a4fd43887c0b7915d23d2dee45baf6d2ff678,5fd6479e407cee8a9841230e1256fb3b3b48c350d7b20363a25e3c4d5c00e029,169bb1edfa0c24446cb49ff79b9b55fdc8f71f2c13642022038f6853ad304c33
619,50,422,85f93731c01de5e9f39777c1e9e52982963173d3cc44831b43252f998b71ab2e,b1fe1deadaf7714c60c691fcfbc6caeb47a1219a063f92f96d3e104513f54c42,85ef1aff6ac0b2c74a012de4ea24874a288c1446f4d0fd19951f3bc6d70f717f,20f991b7589a2ff157c5ffbc9cef2c0f616e3e567d74ef82dc164eb0e0fde8af
621,50,168,58089b6d6ddb787fbedc66852e187254f31cbc82c59ef0c3191899e8d8ccc615,7bb18aad2fbc0297d04276e8b70eea08510371ff9fdb48122084a747e77aa175,da969ed7bea40929c25a4395485760ce9caf241549cd526a970ff8fcac909e24,8de916ac48d8adaca843a92f062b770dd8b721b95f732d1d2d29ff7d3a3f7972
625,50,240,1362074da53c15d8e9a9eee36943369dc1efb7a16ef95454f527a5de9488c8f1,b906ae9eaa91b07908424c288015aa5ebfa8520ab3eaee21485e616b00ee0927,20e81d51ca9435eb0cef13911d4d25487fa3460b19a8aafab72432b31de48f5a,863a76edfc67d793104abe4d686972ac455659d6a67aa107b54407ca67b7ffc7
655,50,344,9c6f8f0d7bc1a5708ea6c5bc0ee4abaec53d526a46c161aa886bee4257969260,981dc21ba589782bbb3faf13004b1a4eba9d920a31a08e6089419a87d18bb0c3,4a372d740ad03c8f9d7b76a0033ca8d9ab76aecf99296e1e3bfac0084d55f1a0,9f6487fca9d32fd0f349b662bd18185a581b69c61a9a710e2393a913e80161af
664,50,338,c0279429f34ede5432a9433beb4781903f833fdb049e85ad98c08270f8be729f,b8bc8594b8d20f182c48eb7c09ee13c339638c1af8451e0fabb0c68614fe0a6a,cee9406f9175a0566c51e709313342af1d4b528b7641efa110a69ae6bbfd00d1,ff303742c4c50d8267843c286335563091b016169b3a4cb6c2b092070753bc44
680,50,245,3522a5c27f137d3643b6985eb9e33c4aed64421e423fe48073cbdf03a8c43cc5,77808dfc93ccb5c2792f3a06e19cab5d478fd7d2f984a9986d60160a97ace373,81399404502f6a6b00538947545d0fb73e4bda71a83246e114655fc4fe7f2b37,363d2d39e9ba202df87b41801218262e58b141b769d2edec445329d50b0f95e2
686,50,202,1a7e09e91ad8b2bf6ee2043da1e532de100362234cde35e73fd0d1f00ba24c7b,3ee5744fe3467175f19b14e104db7d960513721a9c474856b93870a051fa2788,b05c5f8d7f00c85dad8218825a77fb9c79d3f1c8649d6824bdc04840036475fe,335eda4e7ecc83d7de06259be9970d889639f4787383007b708e4692e2c4202d
688,50,164,399ce4b221036e3ace37d86069e7d7b33b1c05c1e4d85e5fc5df906ac495a342,f5710529fef60018488869b1806397df8cf636194cf31ee8747eff4fedd9a7f4,0499f0773793facb4ea80340f8480a815ef385d1f8821f5f3d2c5431feaf6cd8,227240ca47a4cce05dac66b784a95aad5fe1739487dad8c375f1c364659c9082
689,50,831,9bc6f65b931c8b4123b119f49a0c95eb28510c04e55572c224ce0036283fb840,2e539aedf45598faf93dba27a1673e7e9507ee6fa7df1f001df4d037ca0a8b88,981e566a8fe9d1bdc5baff6d4eda30240d0a11ea07736f5770faddb6a3921036,327f0760ca2d8212ba5d66fe1918ef61b683fd13284811cd26d256d9e46866c4
697,50,156,6f60b17b0f4d840dfe0a71a4cb26f4c920267712a4647e410f0194fd251dcd5b,dda9cc3b09c659dec046a91344723a180df497960eeec93b363dad39c853b89c,3a4e59b5a71b71f83466b6a4be2526c239e2438f3cd2feb12b58309d37e5f3da,de9933535157f7fb48987a1634457de9b106fd539516510f2e3ddc795f8cfa7d
699,50,479,3f3a59828413428b7ede295287212822fd5152034a5207a708779296c9abb52f,7ecbed3239f1e9fa4fa6b48d0e22bb4dfcc7884d4b8302ca730c2a1e2615cf2e,2714fba28418fbd77d2fc4a558afcd8a299708a3ac683b78cf83962c41de5719,b4487b72725cc36c32fda7bcd9716b7bee25190bcffd7f732c8891123aba6a30
721,50,340,e9bb2dcd45fa94a9f60f5df5bf58070226dbaf40c12df8b3c4e38b0c96dcae31,eb044483f3c76610ace7af548ab31bb9622c5dbcbd1cc20204880aa3fae14700,de78c8333d02dc4064b116f395facaa50283c2aefda406e39c4476c9802d6752,3adacabb5fd7734f84f4ceaecf564fe25b3b2234f3d946d745551b8f662ae909
734,50,195,4acefbd5addab707096fb4d6b98a4c4e63c4c53a73c03d7561c3f5ce85f7c194,4ea14ce3d444128d2ccd57e09f5428932b9e0ba572f28eaf786828d57aa60575,d9dced556009fa8ee0376d2d0258107673c9198f71d42a271d0a919b52302127,13604bc95e44df156e7e2bd7bd528140527e8f7d04288e9abdaefc11c8032da9
737,50,358,efd8e2e06bc6f9092eaefb03f87828647429e3a7e091cc57323b365273a0aca3,e0a5b1be3cfdce6bf1f37832bf2e3dc79b0d1ed311c002236c3598cb3ce626d9,ddaa774811dc3498954439ae5679d81125582cdda0c291e9350d0f2fcfbd2854,07b1baa45649b993900f9f49a457b2224a346e84e67d67b3ef489329da7673e5
769,50,877,de8a45a05463ad0d5d1b21ae171ccc9276052fc4da26d25e5490422551020765,d1aabcc9cd3ecdb7a22cd36fc14370037e7f8b903e777c2e0564499faf30b3bd,48cd795d04d9501ca1caff3f14fd74707cd9a86bd33bd3ca2a4e579234ed34e9,c6ac26deabd861df41b4aa05e736168a1f2587d08c5f5af0d3ca3fdebb57ad45
770,50,719,b17bab74d382e0499b6743a07fd10cb8958659190afb820cebf87b4d7a95dc35,c04637bb016557dc7453524682d26d0304fa81e5ef322ccd91d0d3a09f83368e,0436a08a5b924cf699032804168f40a028b172f12cb463adadc52762e0edaab5,bec64415ebacb83b0827305812366e1adf119238f1b14c502a86dfc6c6d1082c
774,50,313,75151ef66b5d79f9ade34565ba3f97ec7fac68e56acee48be5da9dfdec5c3c21,fd8c93b9273f9d72f2025abd8b6d1cb243292c482a1832e58b6da5337b472b99,9ab5c219a22494b95c067ef9b053a0b6025a1c0541aca4481ff6044e9cca3799,c34e40dc0e3b5d8163a47440d79fc42c83f81edaa66cc93263670c6c3934904f
778,50,255,d855b1f300612300bc44efe9a44ab43137719ea44e7f2df13572c7e4a9f517e9,4d7220578b0f2cdd9a3250d9b9aef27eb795def914f0b2f8d9a6c2079fb3efa3,0df90b7a7eb6d3fb30d7e7b0ba93d8a74bcedd53fee1d06c71cc62c605652e8e,ebb126ee5f36b183eb3881a53c74393b506a730c19466100f5287bceb0f114f3
806,50,482,d19fed3a7e178d9a8c1825ebe1eae06a40ef53577198214be3e26e3c0c8a0fb3,495bbee29f7fae61469e684851e0461dc6ea16c5a08d36274378791449da4165,a63db0aa60d948838f297807df6df1316c1016e6f3caa2418ea141905a61a3c8,3f76293ae184508f28333ce227aace4cb6aeef3b07b26fbbbc9ef1304b269d21
815,50,196,039c194b5f03690620447315585836dafbadcc686b19f66d49d717dd2ec9a694,95543b7ed9f5e8ece39b8d7c5e8acb21cf9566e7fd7c2bb0bc9e74ab43c54de7,3c13924ac1fcebb541bcf9e7cd35605da2588852951940a5d47fcbdaeb8794b0,a430c3121bde5e28523f88f87101238ee343973e12dec478451fd38b19deb8f2
836,50,360,62a2e7d85487e8831d8caa7af13515ae8a65f38a1bb59e225eb98f92a772423b,4b56a0b4af90a8584576b2dbcce16d85f9ab591c0175370115c4c97f567a4712,6c254ae5c4ba69c2f93f23ec75b539637a3d9d695607d6cf2f088d9e081b1417,93d9abed42c82ac8594c9e965e591f837dd2fb5ee1eae021ce9fa12414966d3a
877,50,392,2c78272415f0a36caa09e5dac15c6514d5b56d07e0de735c6cc2e6b62e907b17,8af40cba79eb6b3dc1e18541b7b7d4e4186074ac1a07bcc457d9bee9f19910e8,4f5d0a21a25e4c47a0fe671c1a2fa4b4d07663c29e79dedec546850c3179c60a,d518abf952da1f003c6f1d79ff0298af460652fb163e1c5dc9775f928a2f9059
878,50,431,974f9fec7862bff658f002b52985fe882d0dd65756b13b94f3ff222610d4b0ea,f8940a15801f656df50a9aaaafb631a73e10af33b59d867c8ceb0ae1e651d063,793cdaa9da7eeb72cb0d59c47c345d11035aebf495f970d420fad0b71de4cb36,562ea46e89fa042c1adb4d28c8989866a436e09b31b6addd784852258eb86ae4
887,50,692,26b66974b1d188191e615e441bafbf869d0c9bbb51bcdb164ec746e39c958813,06b8b6c9073399b9b8ed45e72b49b3a240a58562d07ab8e653c4e3f1e072c9d8,08ef2bcc1722bb8f05f3bf754c646de4dc490cd9822c28df1c28b1401de70d8f,64c4df8425889a82953e339d18dcd6a9c601f58e2821830371adadfeaba390ab
890,50,522,a4146221d3f0e0f48302ec6989b4d09a2ddc69a1a00ca6302fcf3b8fbff512c6,e37e1bb0058eb4939b040064194c56b251c4329363e0711eb0f67bf26c2cf76e,4c9a87f43243205bcc44f11efba36b1c5f1f112317de88a77b94aeda8dee7a33,eaa0fe44843302bca3f14369e7062ce1725621300a3c76bddf30b37696597148
891,50,617,070f9609f814c92b1c382e73e4b30149a249c60c4e85d280611c4403212a0262,6611864b446e65126b202bcd49af1add7657fed3f2877d2d4a9b5b76d7a3f4da,dde70f3664677eab828e4b416868afc4994d5b4cb93adcd0f38b1d0a0c4beab2,82119ac2d651cf6dab35a6f987643bef5e1bb21d5b16d4817cb39ec489f56956
892,50,601,8fa7d5832ac2040b197a83b94ec8da13c8be5d5ab6ff960cd72ef39222a8ba83,0665d5688e27330c72988509319b2630e13c071e4855e737c8c246b791057501,165061d93ea0a633c10292fab8fc68a6df64cd3b5743d8d9d51a4434bc678d7b,3e3950ca154efaf639e19930c10211987eac8bd3d308f789dddaf87e42aa430e
893,50,631,66d7d416215f28114900a9ed8bc6f23d9d2eb358d9e0248cf2b6c4d1b9efa01f,5becf276dc87a7f27cce801a1f0ca0a2b6263d63d4ef54d0b2208b6ada4f8571,5a3228fa42f57eb339101b2f1a176175ecec568b0c3f5097dc139b5ba3959c30,ce76e59c51e54001a9a75b58b181d6e49ac7833b44123611e055b2974ecb8454
896,50,308,da303366f486cc8577362b23f45d17b9498bff7d28ed05319d25719a12a301d9,ca2c5a96c71e5b5c1daf2b0e50a3a7a4746751bb98ff1d61776d88ea625b92e6,54c03a5a51fea2a9019667a4fd7384261ac8d33b1268587614b78dfe9f5a8d1a,cb7b19294303be294a36b68d663a2038eb87138a18fdaf94ea6119234cb3521e
897,50,281,38bbdcf07a1ea506044d03b98a7fc37a69c1f499bf74fdb57ad482d3e1d1c3eb,ef0196fcc984e647983b32d5e34d84c448610864f2c36c5c430fcf3e7e0f64a0,0f5f2e07e4e193d5582bc4ae730f8032671461efd3c00e242b25e7bf72f2bbca,300f346a0cba3ed64efb14c937d69aefafac46e38e40dc3098cc8deb819af1a8
898,50,398,0a6868cfda2d1ba34c86a41c814b701eda8f6d1ef9bfa223a2388c1a803402d3,10b9636f8258cada8faa7bc7e7099522695d1390055798cb2d23b4ab10d74515,193fe07ecf1e9fe7f22d025663a706f03a5707793621d041f4d72beeccd8edfb,2b468c986963d26afe6eed94167a3e6ed5decc49e90e68f1aab60df5ad4c5dae
907,50,166,ac08cf802e332908916eea95078f4f27dfbf994924504a92f15e231f5227b10b,72879f46361135b6f0eebcfb6b1a5fd4296c9ae9b7016cb1203e5160607b520b,a31e3747b30000ae29e9d26ba131005de82771a59798e69eed402954bc934187,e19ac514329d31f56fea97816a3a8e6a6d39da006d86a47053f8730b7016e578
915,50,218,23a33fb08febf64fe49d35920413694e0814a327ab583d1a2719eb3859aa2598,5ba78912dc519e393a19859e1104058e0df7642b7dd978a607425ec444f2088e,fa7cf48b757d3825e213bb3d7b2f05a14b5cfcaa66da3ed1099938ccf54a9e25,6f019cbb3eeb215ba613c6c3f5b05c757a27bed6a28884668b829c500894d418
916,50,184,86c610344601f8b2e7bfc201e7eef67375d3104801af8e5a2108593850aa5d8a,9c95f6f1edc37bb1b23fd3812794817cf527e07911624efe5205fa863ca2fa9f,c20f994ad30cac74c6fccda47af4d9ad12e3bcdc151311c63bcaeecdef889907,713554549af6fd158b81fb81cee4f093baf9804493c7822ac2519c40584ff90e
918,50,148,433e1222c48a346be096c2397e538c12ce17c162286aac4d54ac4b22ae56ac9b,3c1c21e0499087830582f9a2a398219a2b4217e5646ba40678d2047c66ec139c,8484cfc9a7c072218cf3e5729fd82030c32d0f013ad209fa91c0127e3c2ff52d,41c31a8e23795d38178d344efce5be51cbb9b1b02b12e67336f6fea5f292a060
929,50,205,8b0a3127eab6fe364a6428643ca31876f4025c8cc517fadb0f443b037ccd901d,05b53a23dde9d5bcca264b5c423dc50edbb2a0fd324d664d021d7a5982fb225f,90337287fd6e857e2a6f51eda410cc3cf970637def801a8d2bd12bd6ad728b4a,0ae0493a2cf7c22e4eb75b6f761c44996a27df09acffbe6702c28bddf6d15227
942,50,198,6cbb78427c0abae869ebf0126ea98333bbe6ce8150ac3392e901f87e80b8b9a7,e4f6e825e5d6e71c74766a060bd3e14ca90597e7edb81d31070d06be88f71775,079a65ceda022274265dfedec431627ac48abb03337b9e1ab540d0bfe5bd753f,6e1a2347107d533f9f8b0d729da5df5a7199542f9ac1bf2dddad641ecc6ab10a
944,50,458,7cb69c44ea9d6f20401d8e0817f2191701cb25895fb51a14e5259ff352cfa10c,6859d42fd826db775db0967336704d26a8480d4ae863f75fd697fe114d3b5a86,039615c37dc1501100ca06636c7b026854214a8b977db79157ebdb09b1f74aff,cf6baacb1c7579e3a201f57118b6e54abad23b9e53855742ddef839171aa6cf2
956,50,248,7fbf39403b9a387d0829e0b9d73241eaf2ccf16ad17d93d633d3d0fca5bacf84,79fe94f118d8fa1cc4b5a3ea7a8edd70a031c946b0bc89741b65f9d4f1a54569,95d4275f4d7bf607d4ea05fe096c5bc5674f578df6f34869403bea6ddf4b6283,75c30640a3b38e0e31d45794880432b841044232c510a9d0197bce2c2e2b1d5c
966,50,449,78a1f6075bfa19335ab0b7e63c0318e9ae00cbb96b22233930bb3ec7fbcf19c4,4f2ebc30c49d9577aa2d9b6649ff8b8ccb958e870cad4fa5891b5816a67de031,e6069a317496497cadf60ba62fa286ee75627e99d5e229c73ac1de4c1b937b3a,dc85f7c3887872955358c8e2853382650906b6aa0ef7782f2b9d6f6f6736a26d
967,50,347,cd43336b8898de8c9259c54fe55abf645b43dbe54734e414ad5793409cdeb974,46d282ced291c6bfff782587257bf87b546bec72ba142893ae7e4578859070eb,5876c2c374ff9eed72cf8457c9a6d0b0c535c5758ea0484a3e47777d81408a6c,1ebc972a35380fbbe1f0ba9f9fee5d8be7fbadd088867111792641deb83d086a
972,50,286,5d9bd2bd177f3e43303b5e4d852e8e95a7dabeabfafa2f2045a53dc40b8f1fdb,264e17a5a37d0b6d710c526f3132c6a530fd23a8521d4a115e129696a108ce82,daaad69eb78ebfd2910e51ccf11cf629cd4dfe4632f5225596f493d75e289d23,0f81e840e9f9b38e7cf09898eefbf578ac69cc73ad1609d5a78972d7fe18b111
974,50,274,d1474893bcafa4646b5ec2f09284df9886c9b9c0eaaf2b019389d10c66bec62a,5fbbb51184afc680ca88c6aaa438735dea86d313e4e61a1ebd63453e4bd12459,0a7061ce76dea0aaa8686f317cbdb62c88ff2668a39654d297e8403344e5aac6,a0fd66bae553f6c8481bef30f5de003c620eb78c7c73ef302b1598cf8cb3d2f7
975,50,185,dae36767da408f81f379ecbea88e1215c20e2aaa95efd8cb01065ef134132db2,3308e11c9d1fdfc970d78832ebafe97f81648385f81e71c93b9f43ea76a008b0,7d5704e838b1a17f1b337685522adb5244ae33b8cd8337b2f1cbeb543a6f8371,24c948193d7c29b48db8192101a951db736d80431f5e675a705559852090d1de
976,50,159,e71096b01c9eef9a9c5727a2bc02cebe2040f751c4bc1e5d1968040cf6579b24,8db089bbcad618ce9b529bd551216a78c63de97e2b5edc3c28952a21bdf811d8,587999e653581c82039a8159397f6baf76f273e2ceed102954289db46f4c886e,1e7db59fb73b8d44e4831fb60770ad5ff3f7a8fe8b2199e01afc978d0f79dc18
981,50,349,4b5cb5a180987d33f911009550bef6ba2350920ab7708989e7f11b483f1b23c5,7155617cf95ae6ed0cd40f0606be3f9db07032550a8c1051cc401452f987cb31,5f59c181e2fa7c0ed4eb3ea3ac454bedcafdcb0702ee8427aff8e77b5fbe96be,1e9a50bdd4b803f76da0b6ff9bac04616b1f08bb8d426e63bbacd4ef456adbfc
982,50,474,e167b0fad0d82cfe39f1cf46161115a660418b3d9c6ec2be70c98e36b277e530,938b4f61c06499a461595fe8933e4a4d98d26761e54e73bfa03bf0ca9f88285d,62501dee9ea7a1cf416438e6584351a2e978eaf0068412d796e7ff835002f7f7,bcd8eb2503f051726c20ae89aea8003514e4451f80ce4e33c04bb98be5f1f1c0
983,50,531,ab3559fcd17e8c2da6b4f5189945a9002926b3d322b24255f0aa4095d663a692,8ed26b5d42569dadfe5132aa19102d884d695349394dd1093211dd8d85a45b4b,d526b768d0e38ad43ebd65be4b413501a687ebcfa7ed8de2d15b970d74bafd4a,0c12d1055fe39a1442b83db7a5bc8787a06f23bbfea2d60afee4b2223c3bab49
984,50,514,12d6b2568473a328d96381c40f081eeba0a68b7ff7f91e68c2e5bb82751dd943,61b547377f4603b5558bacfa30b3a4df0238a35d411a3db4bcc31ab692312290,bc1d182f4271f923e51cee2680f6943c7678fea936f2218d5a22bd0e8d258890,c5e6e4bd699185b6270e9fb6fff8e382d2c5b88684acc5bb738896a3484f3776
986,50,454,628c400b51607f7232d6281925909ba649dfb0f53b351626e5f995c0627eddc7,2df86d80fc57af956a5ce75897b05d0d15e0960b78f6293c8c5e4190c453840a,3ce1c6d72670f3f1e77992f39752ffdc51e33d394290a85269bb8948a3e1ef87,043f5c9a651802ece73e63792466c6ea9c4630c41940aa9c9c6cc3d467081fff
987,50,473,5386f5d77d0715aeec2c37645c7750da58925a40f434e31e23a5afe660c87125,fd113e412575d9cbabc5ae873701ab58f69882df25d2c1c36baee386b9a5a92c,e3bec49a6b488147d8432f58630742c7d1ea90ad6c47c44777bae797bb0c7400,b3d38a8a3100ef15f2214926e3c175c973e3859cf3367b438818b9a9ad501157
988,50,471,7172bb94a5ae36914f22e9bf2a1eb7cb04e9b5328ffac602c27565afe96ac72c,67845c59461d4c230ab3df4f6e516a17ed3fed0c4dcde6a2b123bdd980f1c5d8,d8b29bf3ea78b9b790be6f68caeedc3e892fe1ffe6290d42f9d056e9bdb6ac63,76098280872dff16fd61e76ae1e37bb6b30728afe77fe6a9acf0ac835aa16017
992,50,343,8737c5af971b042ec2eecdb4cc2d9489869e652e8135fdbb3b3391fd67998896,c4733fb68fcfd549b22942a04f7025a4c3ced673620c33d2ba3a8e48fef89736,6c37a0212e90054bb9c58a6aea53d4889e8ff8ce3075eb2181a7c82faa8da4a6,90229f2f58c34613a7f678f1e2d2a4ab620ebd8f9ca92db876a11c9c6e25ff29
994,50,219,657516d46eb2c43d4757e2723042b4e6de36780bdeee6ac39417f19eeccd3323,c344022af1ea413193b60b01a076f465df2184b92652532df58d3adefc82c412,ec30613e4c55d4b8cd4c3b804d78bff76e58240aadf6cc12c22fa3136d698987,11c77577727f32995c72c58312cf03692fe5a04238a280237026a84c542ae7f2
1001,50,415,c958635ce4ebb681d46ff8294af0027e9c30dd195d0f1ac5f36f20b0eecf2483,85d80b8cb26d200f2d0515a18ea02bb77b29b4e66d193502e05b61f5baf3216a,5d1e1f855f2025f6feeeb2533b5f5ece9ab4fc3d2c1d15fd9ed4100c10275c45,0a63e9e432b04667f88bacb3e22b69ba454b446362da98e0d0325250c5f376e4
1009,50,640,de182b8a9e32141082108c2159cdd76afb43a6c78502b1ca9d9570334b427952,f98c74e410cb959f24eab850df78cc75812367f6c4f30e846ff950020ca8f0e0,6f23b85f6563796ec08cf7ff35f3197652a32d311e8cdecbf6ec187b26064805,2c7ab3703050e1f7d106789135b38c58e6b109487600d832921ee1bfccc9f6ac
1026,50,789,f4edce306b90c345dccc0ba327d6259510a875f2b733487763958226e2a57e36,535c5be4608d5531bd5cfcb9e054c9188ee86406b121024a266de9f1c1d7cb4a,529608ee407f72cdfc21c30befbe0bfa815e13c27cedf5a0e8c521e1b8975311,6d10c0c9825e7ef831a5f2bf51372ae290f6abdf40e016b78b713795dcc34cfd
1085,50,350,fb9df618bf8df355761848996d61878960ea6e2068e59d5f0857effd6dce3c1d,86690aadda46653d06feb36d910d250e1e0115576853bc09310fc6c45ccea41f,50489dfd16067f3c4c527dd4e721e316c1aac91b4d6ed2ea3ec47b2005eb8277,99d9fa2e96534ce5be34b2b961c7f17578000e15678403b5f33d2fe42b953ce1
1130,50,372,2512d77cb1c08e804d109eacdb6d64efaeedcd6cce4daa0996418d165b17cebb,09769f2784186b266511b2600a47764c057fa7641c4175353fbca0f8f5b45159,28b7fde4ba6cbe2423bbc5d7766d5394d4c576f0d44db7999fbeeaf81433bed0,17520d35cf40f55632197fdd725802119ac1595ea4e4820e4c3a7c6f96f2866d
1132,50,318,da9ef9e582b3cd649a5c90491f4be20588786d233b96619204796fd8fe155199,55f3f312a898cfb24ba0e21cc7ba80f5584116abb1fd275354bbd2301428000e,4a6ec6acec04a94a861928455a9ccbf71fdc3651d042dd268bde715a8e09e919,975c5e1385975159344a3ae62e090b78aad87e9e44dd65c550b4028c5626b300
1136,50,244,69b1d18e22b1061793869a7583a8a7615763d74b66aa0bf4b7e7b2ac54048647,38a5f857748f0934d5c81fec3fb6d78fdf1c67ce8e7b4ee5f8508c38c5e982ed,dc7751fa363636016291eeb8fd9c1508b156d0a7b07c1cdebb9574b320cc4a12,fda6d19b37a0492d5c77e970dbf364056158075e96baf0ab8db93a1ec63be23f
1161,50,412,c36de604a472120184ef42bf0e70b97c2ae10860438890a68c969d42bf4a7eb9,e61c2b4a071d6bb2335193d37d042aeedda80724cbaef12995931a0416bd4a01,84efb978d769b30a16700c9391fd14deca295534720f6e69171351eb291c0d6b,e02b89a5f40df0641f503184fb2717e051802d8ef82d23b7688fb076f815c75e
1178,50,223,acd9c8876eb858750456d0f433ec0f2bf4a2e484436de1489ecce3496d712318,a5bf7fc444d61d7e4e9f62f8b5c41d86d40aaccf6134353e3abf561559145197,9187d5ce3f8283c6d33c74793a531f4dcfec689edd54ff663e8ffbc0cc9787f1,14d78c4b9fc35050fd4d16f931d51260285fcfbc27866e42c2790fa129bafc32
1191,50,409,445b399e2ac06c4649d3fa39e302ce41b6c1b7e4da3a52f30c85349458d19ec6,f4a1dcc44dda9d9551e996a16dec325c13557329d83038a5460e45714fbf0b00,e6f292483f598344fcf34f37a437846c20a34986a647f2726dd53613a0527705,9e6bc658e2b23640dac3814739fbd96c80369fffa71da523b07d92facbc0bb86
1210,50,531,4757d75a472b9e551ecc1661eddfc548d3cf27537a5280c6443db0bc9be47421,e5fa8a9ecda93f5add19e8d2177ddddbd4c78424ba486cd3a52d17e3853e09da,d067345f917e58fe1ad7d5af27eb82742cc02034c1621f94b8e9ed7cf1a407de,e6c6b3321a3ad1b1509b056d9d0d174a3b2fcf7e5fa17f81a5ff978b3712c467
1213,50,227,79d40367c5a8cf4086ceb2bf00163ddbf93569d7e2e857bfe5f9ae34760c21d1,279f7fb8552b1b52b6c0d135641528cb8a7c1f38e2b56883feb96235960157e6,de93d2e02141b2d0f05988920c743924d06cec6edfa5963ab539f92b29b338c1,8c395b1f24f867b10708058693d77184166a096e8f6ea8bd0862926112b22ce3
1214,50,257,6aeba665eb01d5c1c48dd5652b98d34fb4ba65da37ce0db6b43410dd3de4c27a,b028e87c79eea569d13d6204ae6ed608da04839a00a0fb7fd828ee940c9a5114,146047b14f700165dbcfcaa6d2f711d6913d90953fbbac69090e935be7e332b1,2b5a0284b6638ac1bb5d9f40c551d906cafafb923abc6ed74269a53ab233f344
1224,50,264,683b3d5331ecada3dc4a672d3cc161c17231e6fecc3d2fcdcb8341da8c9f4313,b52570ba1af04a55afd4893cb6395940f5eeb5d58bc23dc592877c938b089345,51ed67f60a1d2dfe5d238fa19cdbc0d867b38c6bdf79a74fe868a1a6f7c55d03,deef78bc692f2b2fffddf94df6445a14c6f81771c200f785650118479dd7db9a
1259,50,320,f8d00723fd4c41f86e31c25d2e5675642d5c0af13d533ae460bf595b1eb7c331,0266b0b34d656726098868d1f1c4843313a60d61bf468d6cfd53dea06a3b8f93,b8c04e9371c40973dc96b291aa4afa35bc4d854479bd53569f40886b9cb5a4fc,aab2b31766216caea63ade33ac0299da72fdfa6ca7a7665c0469a8e3351d2331
1276,50,204,43d2acf93d5bd9d7125b9ca4c88345274dc21e3999ca6b5e0be2c3e07fe45d21,34e5de8deda68fbc25f34399edfdce9b465aa62388bb6636d5505229c7bf97fb,be9e40a3faf76b4abc3000ad4fa5939b26512a1309be0ea0e5a7fd0a9890cf22,d1d150a27da4a7945517d055c9c078692898a9b60eb2dbeb7f3c23a2ea509f90
1286,50,498,4acabe8fc4d2ba27274612fb95f2c532892fa5a0a880c06cd455e36eb34318bc,c00d9c03b4e74fd0a0102f25b83ef66251571aba5481417cd9069db25603bf4c,2c2562019218343864b4cbe1e314dcc3a2fc61d7c6e082a6004fede791f0a060,dac2597072174689149f4d9ab2ceb04a8d0d720ee840b38710ce19a82b0ceb03
1305,50,425,5fa3a9fc3c758afb5eff0de358b6bff04b1036f811eee091b43790f3110c91b1,95d8c74e1203f396ebe700af71fb2d27305b9b60bd2dbe9a03083f191bf39934,a4b288054531cee4e41e8d1299bba87ae63fc33a388ed08b508ac47921e2ca24,155261f67fa968f7a816bf609d6a91e8515b57988326cba3b5b69768a770bdf9
1309,50,301,1ca386ffa39dc53fab69b16996f87d9edcebf56e8f62ca2b9bc64272fb262702,9c67cca48b77219a1c6b103c7b254b18d8a44e8196ffbf4cc13f0f60108762d8,d78bab6d373c5ef1a671c9f524a20759aafb54afca632d6f2bc290053638dbd5,96644e88411df346142b85bee91a55f228c39eefe638a4fcafb74ce74d7546e3
1310,50,371,4fb830618828b0382b788b496705fc1069fab3eff8735c8f139f7c0a3bcb9061,c43f1bff090497bc7f51557a9e4e8a5a6d6e21773e996d2d238a26b5eaec3215,a58a2c12a1f48a87d9db2f97342336bf4ae72f681a7a08cc0a3d52b2e718a145,8ea5103f71411cf57ecd72ff6abeba6e3591e8eef52842699e4f9a212e1fd95d
1318,50,257,91ada6422c3d4e6b84b28f964af68e134c084b87c9fb5dd270f0c0c86209f244,5901526a1eae3456154cad43961ea5d9ebe0e1a008f5a51149a22ac15e3d9c49,1174882e68e46b683e2c8478167b23ee87ff15d5beaeb38716f0129c6133a804,c4b8a1cff71aa4ef4a5978ac44764a1656cff62f9c0501764e509224b132a06d
1329,50,363,d14b72d8931f966c78f157ebe6f0824665fc6a90d8995c2383aaf89167ce5270,98d6bb18b46f015c63558ab126c6899957b67a0d20dd88f7c9d159f99587843d,730d5388b66f366b7691f407a778071fd74b971238bde43fe4f449f10781384f,cab5030cd3abe65789ce77ed1ae879c120640cfcd3bee268df3c7c431ebdec8f
1330,50,484,533219e38739884996c0558f9bae976b90e02b485a1a63316dee1d75b9556b5c,064c8a63948f0373c9274078cb271bae5883ecd5d1041c03d2fb987aeb700774,ca948b41178b738de8c50469cd333d608caf62ddb416782a2d394b4d5b5bb803,3c5a4820a03510e1a149e0197e5e21402066471c29d70ab756e01e413a877895
1335,50,509,aaed77dc8e0c6badc3589ac5307d271389f827697bedd695327fe7d363403587,367074b47c5fb0ad997d7d0281f64f478f39a6acde57ac6717a98e2bf94b11b7,479e85bbccc70697f1136f8f0d15685ee02e9e2762c854a5788629a62ab683db,faa3e02acfff86ff4aa9c2057192742fdbc739ad824dc5ada945d579522262b9
1336,50,527,af7d51bcb561238ed075f6f71ee9c37b05fc262ed68786e8e11b75901dba2746,8de88ed9198b1eb86f668e9d1644c308ae5e8fc3884fc5aedcb3d66edfe21552,eb4afd3e9462f197df83a4ace643b418988991d943e3eee617e68c7bfcc60387,a6636f67b7d336887deb7f5298b97d094bf78b09b8221355c8349f148a733156
1338,50,286,b7332221b8c17b8aa077bf3be4b50941f0da5d415caa9d6ca9cdb84a6894cb66,9392fa06b6d85f65ea1c56394fe49c962b7b7326f9708006a537d9fcc14818dc,bd43f3ed361d1e2055e6fca82967ce909bbeb6210f761d724e869d5f1fd1ac28,2124f86b1403a9dedfe58b94647c928fa40f5e5c249777fc2214793db7f0bdac
1343,50,283,5a1fb0e71cb09a3cb70b30c45fd2ae93ca150a6f9745e004ecc8fc1ad7220312,f6200b69b345506eb94f19974dc73ef64207d43e8c9ea597ba85240ace5ff785,640ee9b3c151d9f71a8a224ca5de3c4b698d24e632af4687aca1cb8d4383e341,9d2ceed5538e5b7542072e050d9829496579901c48329e8abce81c45883bbf3a
1344,50,443,6af8b0326221ec473078abd3942704c48304f6066dbf1656b22da72b710a6cab,5916b8466fbc100b2189a6f67b2e38ac212b7b1588d96075b2d4dd597ad66c9d,e6b82e501843574aa41e580b65ba82fc388e3392d89f1572cf4b4ef217acca72,1b7b2d0843e74257b2f27cfb3bead334480649eb73803f2ad15b4188b260eaaf
1345,50,478,fc79541cb6158c68872ee79c9bc5ded5c64f7af5760890e70ab8804f4b9e6874,481ea1256165248e14b71d3e27ab42a2cccfde371547308998f9dd8799615411,2b3f1a4d2b0ea7c5b93b14e56c68e5f171e0cc2f3b6afa67bad0b8fa70649fb9,e1af19399016ade9ef2e078e6962f83ecb1709a4597b53ee8f64e2a8fbe676a3
1350,50,321,a2da68dc33d477973422f89ced3b97fac4274f4730d42fa50a39a0be5cc735be,80b17a17c724e64b2eab0a0fd01ee0123d017899a98ee76cee1db55694d66b48,ef35cb5e256e39196e0830c0b58f3d4ffddc41d14348ec912c233e7ce6b945fe,f91e7ec5bee6fa68b56acb390fa0d8303f12ad8c296545d096dbe9f0f9f12586
1354,50,382,cd1d65b9f5b4ec4ab4227bd4a4328e8e8840f353bead4dd4c96ed2a4443eee4a,6d4eae204fe2df7d01f2abe2284926e0001e5571e484e184df0c9904584e3255,8aac5e7ec2cf445a985d2b2506e38d64c7b14531f72e89d3e46b833bb0758565,3472ee89bbe6203f7afb090f8e7f80ea9fe8f6704a80d6ac92bb5fc2963bd653
1365,50,434,eb5c6a79808dcb778b9b4498eeb81e78eee5fc4fff42db441b6620601ce5e064,cb403e93a228c7af6f47dfd4c0bd482474b284b364a265d489b114aa8863f96d,643e398945eed807117ee7be9394e03b8bc59d6c5009ada3d7d53399d07cac21,b6312d9bcf1faf711e50be6a7ba07b04e23e572271313209ccdf5b8d3aaffcf4
1387,50,575,c23547b31a974a5a9cda0cf9b4078c7de60f1221e4569218f3ce582384e2cd6d,e871379cc6631fbd7796445ee329b4aea39da9f6c1c8357d50cd7712cc0db00f,7bae017950b9ee3057c738c229697d0704cbee8a75b179197c352728e33ef73f,272e58e07142aa307191c0ca1d247f10b58dd1b0a04b0b80053911fe882ac801
1390,50,688,b4041ee00f030691ab649418ce6f57aef058a8e2d220ab24017b328b2d0ca498,7a4f68e09d1e223e736d8bddcd60c990d9afe104d0c9934c05a44aaef0932091,85f4aefb13081d1b8e92b5dcfeb6987ce457faa203436e222ec45b5d51e2bed3,36b20b1bd8640866d420a1c9332a5da4685be4e37674a32a6b5658c0b4540d35
1397,50,520,a350fa856297fc728e9d1a37660a9fa3f71d8d9375d6d2e136cb88f484ae6e22,d9a1d943ebb3332dcb778db340c398c507060648fd3222d6de2c3bd981472b3a,afe22af41669313343b04a0361ee6f5c0635faf7ba909e91fd487fe41b41aacb,e19d50bd4a7e655f9bb7fd7e7b2f5176c982647ea723bee6c6754f9c8f77a910
1399,50,299,6ca50e533f5056c7849054564a773d10cbf59c8fedc716516f5fed3ebe635da5,5fff7d64d63259da1233541dc8f9dfbf94641bd8c18ae3f1457aa83ff97da287,3fdefc76815c643b75cd015128fd742b8be717c0f5ae75d3dc55627f9a03980d,b2a9a02fbab13895806f0430b5f7e208b99512b10936e99bd582760328e2c7c9
1400,50,347,87d18c98a38a982c4264c91ec37259c07141aed9f75a45d91754aac9b78bb17c,78f37c8e6b631872d17d1c8eb6dba877f63473084fc58ea4aed81a8d65daec0a,0ec1bdb5ad5f13a8e0dd6d92a7aa40cb1362a84d9e0ae7a6992fe7988b7e215c,d758442d1568e9e5ae0b6bd5e5b51d67cceeac759bd15f11c2d6a5b58bfcb67b
1405,50,468,955014912d015eefae1b01923e6918f48e4d8fd0b5e4118fa234a00c5760d7e7,ede9ec28681c443e743bf714cc7c615a03b8e28c972ff58d5ec3bebb5e21c888,4a2e4f3c8205754cc996a367b068ea4a0a1be887f50ab4b16767b828e9ad8dbd,7d960fbd209e1d162f4da8bd67248a62b9cdb0b91d1349709a470b12ac308c03
1414,50,645,cc655ad12bb1baa0ca28c500ec0c74fecb1d4f967c4de218ecda03a9242d7a02,b305acf641bd865e33823ab133d43510ccd76e2031f31b9be30846083cd9e6bf,da90f50cb9e88858a141b5d964217b9ad97f6588f594a8a320305c1050acb6f1,181a3759c2b253620b82dfcde0740a9b746741c448baf97f3cd58e474fc6780b
1417,50,342,59c284b8140714f58ac725459dc1a9c6bee410bddea0b46af53c29b485bb8454,02b1b8b367c780f0cf4ca34eb8e3efe257de8a0d69d3dbeb1949b915c978aa28,756777758890fa97365ba27e3d55fa1d7545eee0d53b698d6dadf90f163202ec,867cae3fc015e970d0b649c91cce32b3fecd40ac7b0e29b0da360c5d0c0a0f26
1459,50,338,bbaea4b753904a7bb23cbce755e90122ed7a84e66f57f6e8997d5033a8a02356,615db37d861899428881085caccbcdfe98a1f64ed485619726bccca499bf5491,829c6170bd3665804b3456064d333020c505d5005520e5a0d3a707b9701f657e,f8b2cc311e01b6706f6f59a7cb196002b5bd9cb348a811dbcf86ba04bd41a672
1468,50,757,073beabb338a9f25af2736d3adfec2b303fd056c7e310ed0951ba486b08ac012,d4caf9b9a55ac6dbbc873a0c05f3e1e035530eb309a35e72ca41eed609970ad7,33756345d74105d9e1137879cfdbef033435be885a6d51026d5b8568500580d2,daee7e62b0fe37ef31c60302443f9f04d6643860665cb4707f50f8c5f6c9751c
1471,50,177,f7a92046941abe81bbe77b08cfecfbc0596d14a5b80036b5827b1a415d92c7e5,a3747e1f48fe553f35c1b5953eff741ecafab8b28601ecfb7498db07d8a28e5a,7459464e101550e3516ddd851acc6dbf41a8a191697f9ac1a36846fa04f5942b,9c939d778d28efdb327b23019fc07cbc2420cf0e6f965340d054c823eb2f70b0
1483,50,270,0b8920f900f986b1046d20562507421bf1f4cce1f9bd1de86525be0dbe3901bb,8953e69207e8e2d7aec7c804d31bc3f8db36e56e2719f4bee31dd511e90ea578,c8cd1636dac93ee835246d4140dea8837aaddd65083e6c34b4709c572837d586,1cabbffb1f179a40de1b8ef27f67eecb9954c684bbb74867130b79b04509ee48
1489,50,359,406464170417ad953ef68253e145e3a0a16e3127db747bce2e927d5b62c8c477,209e0572c1df8d474722968ea326ada44c5771645bff3291044cb716de2cc6df,fe1d4dae24d5d991e717ff60e21cd35ef98f5e9d1adb0627732c1cfed80c691a,66529b468f5efaa476a6ce570a9ccb3fadbee24e3d6f1cbaa5510cd189538715
1493,50,281,94b8f70089302e216870640fbc4602a5b512010bdca04f8004ffd169504ce451,6564f9fc662dfc66c13986e00a9f60193fbff3e023121244adfb04665acc8f79,fed684d03594f52ed5a01cef6dbe16b8bd101e99069c32e7eb78ee7aa38ac1dc,2e66154ca961ce875ae17ac9ff2c69b08cbe117f1042894446471f447dc3c57e
1502,50,498,a1c74007eef9cd779dc80d0a2ae34c6ff707d4e961d51754e6541f250daa3c28,4418f95ce9ce32580ae487c294e8cebd1ade76db1f49bc3d6432f661f86b6504,21514681407196e9218d5ce140a7355c63f5f5ef468205e535675ff8730a6917,435fb656724a47db2392cd54b5a585058212d18bac368c54374bdcc029fb9303
1505,50,220,9df8347356953ea2836927a34f695664e06ee6bfa832e6472c48a3d25311fbbc,9c5a7dabef1594bfd79a48ec17780080c1e91999694c0a7381cef6d14314b47b,3d0a2802b6cc1b923b7b140918770b34121a6b70ba9ee629c5ba43c0069f5dd0,2b257caeb9ae6927f38d87697fb255a956825a2a10149e2e56b2627e69c889dc
1506,50,210,4d98914786fb32e57579a6dcefea0e9c96069a3555fbb57695a075c94d520b59,1179daaa3011f1ed4aa0b944e0e8994c71537d103e1b2814e6b022ff50e47d26,4d21ab86d8f3728509d38a7ea26d7d120884fc620544f0a105d65479a327a834,23394aa12e609da77ffc99e64346d68962ea359beef34707fd2a9a2ef9fdd88f
1508,50,210,3680330b04bf2cc02d835a9b93d5a6b142dd100d81e461ab2491e5b8a90eb4d0,68fa52b3dd5ab2355b57764c410f4e7b165e6141b7b9c63ab799737157ded1d9,c777807a45cd72db6caebe5d32cde1d1aab045133a7f9d1c9f8bd777228b0ced,9ddcf36239db83967dae79be6d009770c3502a23601911c5b8784f2736918873
1515,50,285,b34c82c6956aa4180d0e22fab6ef0b5fa04b8c1923334a2162706080ab817224,7dd29066d9101c139447bd31633b87f7d354515518c461dac0552bfffde92e26,6a497b16fc2a0d3ffbf75264bf4ed5280575d0f1db78a32702c7a97294e0db81,4ac35b621f5fc51b8cba89e92e367a1a69b9056e0541825947fd813c3372787f
1518,50,619,315a148e54b674ea1e0b6a199cf04b51341e7b1b1a799698bfaffccc1a6e5098,29d7ac3f21645f5bcd9f873913e21424046486f4011c44d10f5c6737d622fcdf,048e8717f1c06ffef21105e671ac3475baf0aa67a06dd6d94f39612ccd25acb1,f7f26317dcfb418cf6e6d577e4cef798a9f346456dd5f1aca2c6db14ce04c920
1527,50,421,9ed358787e7d746ec59f1760d07bd961ff0fed9a140616204170931bc7e5ee16,45a577249d0279132d33d985de0cf505215b425013e3725101ec6f8c52950c2f,7b0b4c587278d5a5eb26f7ecccf4fc35b07db24522311efd3a56aa5d17bfca3c,83e1ecb2067644806839034334e4325e4cc7ff872082a7e6cc1b999166704fe0
1531,50,235,52300d083f84743d4c77ca578aade008540a64f2eb3472e949207a778191e765,42d4fb7a5d8e49fe94289557ab8a85154416854a1cd815185d121df1440d8faa,2f1102427800bc895331fc3afabe47ba0ccf6a83ce06991fc46b961d227c5cab,9d595336eeda2899c23d934ce732a308c930b801387de7786b04ab655ccce465
1540,50,588,3a515f11f8c3f0b34745fc3eb64af6a4ccf6877cebe14ae8476f6f4f15c77915,d8581586f8aa4d688c482e96c2663f053ca90b938f0aaf1ce7559db920d30c55,c483a3aa415f06fc4f9ecedeadc88beb366bcc204cef665e4b65bf45b8f579d4,8b4f29cdf8b10f5a90df0aff23d7c393aa082669d1242de6fb40ed49555d0cb7
1542,50,485,06de68f3520e4331b5180765908ba7a76aea189fb867b27b7649a87db2f0be57,d4b4c64206e2db0b7e4129aa53b8d9742ee0a607652b20110218d367325870c8,5da1423077f652b2b6fa3bba7c437a0f82f32120c7a044362edf86b923efc068,c73e0698edebb2164b2d128313e05ebcdbccc49df6711d554c8bcfd4a77616b8
1544,50,554,5fd37f41b297b8915dd41089cb85dd15261dc9ec3b79b9e8492870048e68f39d,19414609dfad620b76e2305ffd9c35c995bb188a1836cae3a935a92023a69630,f1597b536b4a931e3ca3f00edd958bf8ab68bd705591632a7b6d2f44591789d0,536946680776c9e13064458f207764b96b746905f06a0858c39d8b927f948baa
1546,50,582,b819638402541386171718cdc00204a75e02201988855924b30aa2fe100ec8f8,27e54a561ba82f53ff45b23e8b96f94693763152664ed438245453265772beac,72a1a37f073a25a02f659c7e62ac098edf7ebaf50fda0705dfc8f9f04dc84a94,28a51d80a00c4e3c1537693a0b2c3e578fe0c7c70e590cdf5e448adc2d0724bc
1552,50,494,2ac6c88366e1e03b3f936fbe29ca77c3c957d1d499c1e2c0394c99be8c1f838b,b8b054d905323c62c3a112bd25bc6d9dd1936236024df027d3a079d99cfb8b30,ab677c431b8e41f2502b47e3d86882d6dbac7f9a5681d4109233a39f6df15873,2954ffd6416ea4351db23734bb03fc5ffa1deb595579a6744cea026c5e7586e0
1553,50,186,4422063a6802cbdce2aed4be591e0270ce96cdd92e1964a38bb0a255218b1173,e3e6668dfe987761474e4e91c6898f5ab4c0604e8482284102613335e36fc5b8,add22bfb6f66242cd2f6b05db719e0e15418e61e9c86001be09eda9a6c2f0347,d50a215754ac6b28b88a711428e17e576e3bcc1d2e208df7a140e5c0ef08d12b
1556,50,382,ba4ff15666a466bc3b7cd4a260c14fe0b302b665e6289adb297ce842d8d53899,20cf7e6cdc7d1607dded1af996ea39be82cb1a3f92989952dcb26ce437530cb1,a507c68d25711d81b806d76cde10df0760fa9239a1d55c8993dd45382a0c7ab8,65599085267ea29e701a41f72a9e4a78c84c90502c5ae6b4a8931af3ab100dc0
1563,50,233,4000decd61e5672a198ffa5393c56f003485ba2864dcc5fbe7bf440c87c5ba41,fc78db51566903b72f2588636bc07ac0482963ada0c6331ef2eb6220093f4112,86201e0fdf676a96d814caea120f816f5341c36f257cea4ae558388c64ccdbf6,bc0bd318c3565811789e1b687705e4532de292a861da391993c6bd3016b9c039
1572,50,255,513ed52915d1791e4dc5890f8dd572207f2fedb6e6aee5259708f731865662ad,2b6afb41a7e9a8b79a8da87c20673e0d32cfa433b19a443a3b706205fae4c001,8a0041300f45fd34a45f41339345c23d9abbe1860c140a07727c35cc0f69f841,4ae09c7750199a9a6f4c896f3bf59e6a6d51fd6ca8b528a139140474b657c1a1
1573,50,342,89b51fac5f9b572a23201bb7cbdf837e1452ebf4f7e63105ee9696ab21f9bf04,f5e232d4df16559d6ded0e63d0a50ecf0b8aa22e84ba28ece8c7b725b1cc58c5,effcb61199ce216813275a2cb99dcb187d240cf5461f61b8882c6f97135fcf26,90efd60adce3af009dd5b893ebe18d0589a97a82026642f36981bff96e81df7e
1574,50,397,9d9025ce87106d3a1106c289b524ded6aef5c365ea1bcef59dfc45a6e6ab0168,46b26c05805fa953a29fb8fd852b3b4a4ca9049b1c25d06b177b94a24b296217,f188f68954fbab5e431be61114fb490a7a55b49f65a5e30b98350efe68d35620,5b3eb903679faa69571dc08ff537584b68ba9eea83a1dff2fe7d7e195e25800a
1577,50,264,ec830ac48940c487e12f775f3f1c644ffa6a829777da4bc1b5988134bba86fcc,a044fe6692a132e20a9f46edc28caf3133cf23792566e07603d25e3452dd2aa9,dfc433b0288394e5b2806e83bc2370ddf3abe8af6784b031b136bceb80617619,86a487f2b919f8231e46d7cc0c0f958c8e7fa966d847ee85f48e21a5d4c2b507
1578,50,190,663e36d302c452e516bed8babc6a076cc44fdf698e87b3ab2a9187da5928524c,870e277a0008ee9f3deaa6e7639ef9af621a290627bb94a55b3d9342d37ca4d6,eec9784bf32c8a5b6c33ed348366f4a7f0241934f7451b27a7c37d4de4c06e55,d939415bdbedfc80ec442aa20559590c63fe811d9018d07faeb9a42c758e9b4d
1581,50,290,3f4190213ad6a74ecf04b48330f381273a436b76525b97bb47251eace2f44b42,4c97934b2d6f2365f4265c4c535cc0f3a7b1845aefdb95cd522f23768a5605ae,299930a952a95b58102cf4e72d9e9f7882ef13d1ac31e71375bd9245a95592b8,cd2c4738ecac7593149c2a2112b4b3ed860b1955700dbe019420386a292ee1e7
1591,50,524,130067f46689969cfa602ea79fcd914740375a4849dc8441f20262ccd8a5b1d6,e106ec6fe927ec27c8b4623913d147dddf0b35f66e1bbf04632733f6540f0457,53735d28c8b559f56a5f134e9750e0f3a924e57805440cb64361fe6d3cdeafe3,a39fdfaa44a765885c16689ac61102c7a27f6ddd6ac92e74ae7255618b7ddfa0
1592,50,537,40b9c5aaf81cf460f21a180f1ac0c1e2707b8de3cec06cf1afb9244c931a6a6e,c1aa4795ba438c10cb55ddd5d5136d7faababfcf4b4ba411e9f9daa284d98f65,017875f3467000572c1609597c805f6a0d62ad148e0d66788ce0ea09b458d381,9b109e7820ea598aeb99dffc7175598ea9cf53e7b02e42f29e3551e7f5697978
1598,50,567,720492410fd7d3a3d6e0359f57af0be91a7fd25bbbd7243948cc3afb3c05ed69,d67bb4942a84f4cbdaa0cf79ae4a271b53e1d2c332b627a88a542b380ad86536,2373543dec8f1c03f3c2368d2d93410894618256b4666223b5ef5bf237f92523,c0e970fe450f6f25eac73e3e1faeabb0402aa37e6c2a6588bfac03e4c3f8ef08
1604,50,576,72fccb79553bb3056071f563b837df055aeae23a3cb185e21d3f084fe8ac539a,eeda8ae6af45ec90d09e8c9379e3a17b144988a0e6a90ff397ab553d65b4965f,edfaa9a9d876909fc59ce5031fbfbaccbc12ea17deea559ca2525140d1040960,d1d6f836c99a4caaf524345dd8829abbc93235b415dfcfa82df466f2ce1718cb
1615,50,244,afbb5b88b4afa8960bfb6ab5ca848b7c88e7f478456c77d044172000f0c5eb81,092cfac5179e06a47412ef77108a00fce6ed2aada9b5d3c3eb795db60c903d75,8852cbc0c6dd6ebb510a1d2c95d589479dc041385b14b45d6f2d5b33d41ed6c8,f436c25e5b5dfb3931ba981045a869ec29be15dc6a86bcb687866c9c250197c0
1616,50,414,deb962dcd24d3420070ef22354a6a3b6af7f65c97eba47d96a0887c69df6e891,a97374adf12287c62dfa5ff84ae49669ff32f06a098dd57c04cbdb4563920f8c,44cc1cd2637797d2ca495e872c68a72947ebd94641ff079892e21749a1440356,2e535759ac559994f7373399807a674dc0c990182898e6e92448768cb051380c
1620,50,269,4c771b122204235a0d2e15200914c7c53399fde8f9d977b8c1a169999b383721,46933340823a5c0466e18f4119483aa75d5f048a633bf6c3382dfba851f3e7b6,dcd84c655b131c0c6c1e39c5f211781a4110b5b235913345d07dc1ffbff13c67,f203c13e5e148b7ec09af7b65d6bbfd4290714b7706784db2473b67ebe9a55e0
1625,50,598,b6c9284351c33143b16702d60981ccce14b0ababd4d7c6132c31498b9ebcd2bd,72091189debe9fbd1ad298956563b20c58708ce67c643dbdc26cd0882934669e,3ffd2bf2640f251458aa12e7e17c357be34d4e783e90d672395a30f53957375e,1027c5730893407d557505a895997f85ae6cda51da365bd03b3b16da66e65ef2
1645,50,189,0450f371b47d1496468be5be972e7cc46b8e7a85ec2912556ce1d7b6acf97d79,e508a6819259c00180a70f575504af9f43e64921d0366d216ccd34dcb61cf010,062e34f8ad9ab64c3adc91d5c42637fe5b6afb796eac7e1d748c7cf79c00ded2,034b8e499605519593519ac4ac04e140265435d4615889f5fafa6b7dcd707107
1646,50,813,a19ed8dd28f85031653076adb2ebe1914e7906383f312e9ae668457f1a526b77,234982e95d04df3e43b6560cf64037e43e11018cf6a025a5644ac1b50d416dc1,2f7be7da1da23cb5627faf1bccd225cbb411c2a31c09dfd194b2847fd5cba7f8,0734adffbc497f8e0230ad0fd2c3e12a57f3a6a24b5dfe52602b16b0397136ec
1647,50,615,2518f6f18cdce14e761345096ec3ae456199588c4a03b8675f91dfac4a32ead7,0580d520750e53850f1109da012e7be2f6117093893ea7c6d750a15170e36c26,1145b269a121c42a7549fad45c8426c84df6d9defee8b5c01124a98ae670468b,469b3691578d4d737f71b5e3b8a2f0ad355828a5cae6cc7810232d1fcad81cea
1650,50,199,2ae15a871c98077fd2d96f323d2662bde7a1d180044fc9ee20e111b512563830,f139d8c4886547fc1950d2f410a8fe7f5f9ab1934e5b18d73a38e9acc9fc41cf,0c62a49972490fdad2c9bb539ef0c723227ec232a414754575f24592073aaf3e,f316dda51dc1796c9ddc21e063ec4ba8252115d17468b25d83cb483c7d887016
1661,50,645,8bef6b4a576774925e038e54bc3f813c25a60e2d8c99f2160b44337d5ffdfc0f,ce33b08aa25f0e4d7a8c6da5b8557af5b39c007feea9210fa08f14e9551d133c,c0fd8c37604464bfe69457d6ce5aeb711c13919d463e213c7522a1e5d7c5773f,325c967ecb6f4ed391320059ca81ae0277ab91506220b0572afeb7c95fc27f09
1662,50,800,b1d66e8fe296abdb7628e911a10302bad357078ec9ffa0fda504637749db0720,8769e82fb5fb7a7ab0b656296344bcefcb3e05dfb2b76787f2238181b10741ab,bd663e61d6e39d6cbc388c03cd17364e1bfe0a8cc942060b79de23131416ba31,74da61c14cbc3b1694469018d76fa9bcce844dc955684778beea9a110adba094
1667,50,475,2a12c6e8dc331dbddba90f75df1079ebd1ce1d2df90dd571fd301844343318c0,a105d4efbc7fd4bd0280a88b3776bfbe50ccca16b77b41ab9cc6fcc6e556ffdb,84ef43aa1a864e44720aa34218c6bbaf179410bc721e4fdda50ad34f3868dedf,c9b71d9b9581bae9d3c63b0ce6df5669d7d01a0f8a73bf39d7693e55addbb2eb
1675,50,409,837bfd901895146dfa838aed352178f91819a0f0e7475e61d3b5f73a17d4b5ab,879644599181945b8711bdb67aa243f48a83c0364631c95483ce51458642aeb5,31aa595c86f68bf226072a7008de7ef42a81acc80f51dd6b5661613e09ee79ed,ceb9cee826ca60619c2954be1e7e203d398d62f82ae29e9122f9ec1535436585
1677,50,609,cde9fc35da46efc41ddda3d395b070a92c0b161c6129fbccb8b479fd95f73667,828baab9b72e1079efd50f2746c37bbf588f6d85a8b27827d6e6e81e5124cdd8,557e3f31889fad5a184e20408e19eb5fc15826cbadffe7e4f0fcb1d90091107c,f8dff8a6f9e496e0ebd472fbcbe811915fcb2356bea46bf08c889a3f0f5656f4
1680,50,711,526b14f0e73768a091e2be172509c9fb3f3d7081f230d1c814601bd622b619ee,746cc05b790401dac736aad213d6003a0fe7c424c77407c3e57d2716a231a1ee,1296519bb10f8d889101ae9e4d689488efff37b924aa1e79dbf4e65919c1fbe4,dd0727d3fed6bf0269ce7d0b2f155834f25445b4ba1b36cd892242ab1bd9b195
1681,50,551,525437e0403694864173ee0f2bb3564347f631de94c83305e26eb47db90d842d,261d7ac434342bf0478c35ae0b6fcd0777580d9c4b9b7be0e029c43bd9feec35,5bc5cfb009ffb9db8a14791590ae5aa9c98072ae8cd8589f41e85134628ffa21,9bb87b9513a51136e481c87e7c86e35bf0a5bf6cec9131bce540384dd60d6e8c
1691,50,475,606503de04d021742d3e7f819a3dc7a4f52225136b88f9b61974c4b61753eb14,09abf5bb7da9d473cfa59c820ee0ebeffde747e2fc17b772bcbb3622fe68cf0f,243d5234be95f2cea709aaff160ff3a7ddbfb3a330bdb6e540fab30308a931b2,8d5bdc69b1d5c66a9615b411d32e3fc736554ffa727fa8f927e3f195ccb3cccc
1695,50,573,d041deecf67152af4d99913349ffeb066912baca6cc3f110c11730b7ae3f11cf,9d4167b435fea1939fbe7ad305e1823cd088761a1e6dfccf7eebb556baa28ab0,14dab42fd2dcf99adf889dfb051fc0d1b3b095269b72c4bad4ccb465b9e4ff40,b2d195a8831c1a240005e0e0e8379275d7fc4302aa64de3da314744195ae207f
1705,50,217,c602e34bd6f3f5f5dd58b3fc087a09cb4a17c78ac41020c6bb936e21f2ffc1b4,026669bdc93f9fb51cc0132aa5225fd23ead61a02ad59a3c87ae19e9ca167c44,8f0fafe777be54579a0ccce6b08c44b3f62d7367eb66cd875ed03f02360e1b64,2f44786a3aeec24c8d4c8aa355d66c3966177b0da568381b971591e19d30c022
1707,50,661,55994f06d1a0371961c0c3a5cb0a4243f01f2d431aefb7eecea4954c4efd9a06,4e951e80dd4bcf564ab40f442277ff55b10d73fe00eea31a5d56c415f1e59115,c4cdaebd0bb893c6595bd0ccbe5725a699a9204b25d9b6cbda14dfb2c2d8aeef,1818deeef74e9778674029c1b2ebbe6656e53e3fd9215d6878ae3077a267616f
1712,50,231,f85a3b7f5ed4a5f947f2c6c65d47efa870f3f7b995730b7e6fc73459068859d5,ba6b124212c04dee5ac67680834eb6d86f09ae56b41ef3b34f196f7121444cdc,d2e527c16ad0337cd107d385a1996afab808c7cad0b173013fb353c40cd4e322,e98f7e710273f9c2eed2e8c2ddc85737b8e5d5a2bafa82deb6b4b369689c5fc4
1713,50,301,18f87e359844dccb010cfef0ed15a003d57210f1fed27a3f580e5a1f3aff3f91,80c3199dbbd390e0287c70e396ea753e33bdb1b1703b2e3a3a6ce3939458c7dc,a95f75725dd15f9de98b97de053c9ecae27a8ab60cf5d2cc494315f6395f314e,c41eba0e81c20518d3b11d7d81bf88cab671f51362c53961775ae4a20168c7c4
1722,50,210,c444ec8efddf4fe868b0c87a69387953b141d17eb14e559b3414203c15361b95,c5f16d79fec6c132d7a454ef4df6cac7592e525dfe3c73f7ffdf8c1b7c833b88,a2e24345a16d183558bd0beb5434da9c6e426b71828600abcc3f473446b53da3,6b397e46d2bebeef6149d3a6a238c7ade2aede3fe7f305bf8193fae965845ce7
1735,50,753,b1ab60c269d73031a324965d6f8d9d7ea73eba75b9ce8437e85844e364ab25b6,4b63e92a37702356feeafc11f667628df116927587799e39033fc9e8ad8579ea,90e5e7240207f8da98150f8de4e4143d2278aa72cb85370141b128d4e7fa9bc2,c9615999f9667c43c264ff4139c1fae1635a613986adc99dc1075420861f810d
1736,50,475,40d7821c201aa7a2568fce0fa624706a50d07264c2f5acc0bb1a4827148cc733,1c2883bb9740a48a51308c159832ea757e26fe956d09fda258cd3b282aad6cb1,d09419fe7f238bd84304ce38b47c84dfc4051359bb6aa1d41ea00df62c29d436,1007be4492dfc38bedaa0ed33b6f98ea73bb0dc1384ce91681f891d83bb42ffc
1738,50,417,b678c033466cd086bc008b044abac4ec9d5c653a2236d61fa2495a46666af008,313eb468d040c3e42231300319c8b4399bdbb279db5b6c94c61d436300bb4459,e1340c7f6b14ef2d6516d876a0c530d902f3fa2285e66fc00a27a3082f3be485,44f1219967c5240ab9ba484e16b45b83fed75cf4d24d349f9224783e3536e3cc
1740,50,404,4f5c3e3280d7403650ce9bf1b2ccd81e54afa7bd1501ec6c9d81eedae504356d,23c9a01566a502501f5f13e07546d500ff9002bcb2d2466e7d85bfb34f115f88,2f952dbf36332de13e9becdbfcb0fe23e816aad7d7c97c4fd644fe8e9763c895,2046ddde61236269835745d47277de27c15f3dd6ea6aee0bbe173b13f0441ecb
1743,50,234,cb4b387833447b9e9a61cee36d92638e05d8e7358dab5e0768af0b21ae692266,30e58388b544ee5b958150cbbb4797d51d101209d3fb143d69653d636fd94578,6ee2f45d94c043ff76ce14a8cc54d9da9f3810de051da0407b2b9a9eff45515f,fcebbbb7e23eeba51352aedc60d9a85188a680240a7e1037f35d495f40cabee9
1746,50,548,136a381744a7398258cb310faf896dfef3dc2d251994dda18f1ccaf494a703c5,9e431ef4526244a7e23279c578c71611eb86acc87eaf40952dfb991e5c897aac,98bd9366f7dd83cde7134eeebf66157fd4609cf8494bc529fcd7831a7188d04b,4089b950fcd3b77a6271b6c7369a847a2a22dae5156c9c7cac5651dc7c12f8b7
1756,50,299,710cb163263c66d69578e7abc859d4fb75e699e90d5a7470b6bd6093acba97dd,72be1b1af9c7c20c277a1ad979c97cbf6ebf067f2ce6735db61e145e323f8d0c,e084566b4df0f46ded8ea7bd2006d146df8c1a8771f1f9a77319b2cfcaaefe79,1a2e3ccd31304b702e88a3b62e23e9783364cace74ca5e7bfbc534b8d58780db
1758,50,325,c66260f05d10a7de7611c9343b02efaf6df364e142e052b3ef4afd7af65c9e6f,614c509784c8af1fc3c4d44c5eb773c9ff11d1ab874d16e5692bcd76fd9f80b4,2e64d5c4e4e1a9399be4953fdfcf2920bfda2f6a4336558e0b008a18c7e1bc28,ef2066afb9efbd88a2bb580ae3b13c1559e1840435e8eb6cf784c358bb66e799
1761,50,245,1c4b6d5cf6b03fce5d1438ac63f0070fcf97224fac05494990c98cc2c0320fa1,e6524cd971130212e3322f0b70ae167d91bac879bf1433c8a2031b6d6f2de136,dc7cd35f1ed74491cb63b542009eaa3c8cc20b3f12b8a462cbef5966b56e7be5,9b64e612737406e679a5affbed301b20d7f940ed0dcc2f1e62279890f8645986
1762,50,489,68cb6af44b6b9226cf2e19140fe948ca9e55334927a948d8399915a1139f2dd7,32792f4c53383860ef7139b11f9b533c5ba76a8732a996e0f4cf3740f8c186d6,8d2a2f02d6c47a7ee4d22714d6670e593fccf31cfb8db170f0ea42ce06fcdac4,a0c8d1b17c0c02c15e3ddb866a39c6fb031495684ab27ff0226aebbe9ba53d32
1767,50,266,436238b2a39652f552d2c128f34d910f48d5cac272fc78f1e9452a97379b6dc1,757f690daff5830c34c6dc1f25e27f229eca81d17b088dac0b59e4e9846e6fe3,a362fcbfd966445d9db8f4b1596c787bba7f3697305606c3bdbdcc5295c08c07,f68a6939bde9ab7aaf3abc896b2ae55b7d48b895f24ff609466487b717301b53
