delta,error,evaluable,high_curvature_negative,high_curvature_positive,high_curvature_query_count,high_curvature_separated,high_disagreement_negative,high_disagreement_positive,high_disagreement_query_count,high_disagreement_separated,multiscale_frontier_count,negative_anchor_valid,negative_borda_rank_sum,negative_mode_index,negative_rre,negative_rte,pair_index,point_negative,point_positive,point_query_count,point_separated,positive_anchor_valid,positive_member_index,positive_mode_index,positive_rre,positive_rte,random_negative,random_positive,random_query_count,random_separated,reason,runtime_sec,single_frontier_count,single_frontier_negative,single_frontier_positive,single_frontier_query_count,single_frontier_separated,symmetry_frontier_negative,symmetry_frontier_positive,symmetry_frontier_query_count,symmetry_frontier_separated,symmetry_support
0.025456270202994347,,1,14,5,32,2,15,0,32,0,9,1,0.0,0,2.817501662768093,131.01744171255737,1,8,8,8,0,1,215,23,4.050308796825358,17.51102220270751,12,3,32,0,,1.9571916340000257,9,7,5,8,1,7,5,8,1,9
0.02163366973400116,,1,3,3,32,3,0,0,32,0,24,1,0.0,0,152.86745694258917,180.92179196148365,12,22,23,23,1,1,290,14,2.2281712377293617,4.545930475413385,2,10,32,9,,0.3911318520000009,23,6,22,22,16,6,23,23,17,25
0.02474386617541313,,1,5,9,32,9,4,1,32,1,4,1,1.0,0,89.6604527157495,229.90601721046113,28,0,4,4,4,1,52,1,5.674764410153301,1.7237061488746566,6,9,32,9,,0.31001931299999796,2,0,2,2,2,0,4,4,4,4
0.024714943021535873,,1,4,6,32,4,0,0,32,0,34,1,0.0,0,95.89933608194546,68.79730480044898,29,21,22,22,1,1,397,25,8.79315524764147,18.46558180212153,9,6,32,3,,0.40207206399998086,32,8,10,19,6,10,12,22,7,34
0.02473904751241207,,1,3,5,32,5,0,23,32,23,4,1,0.0,0,178.87041391287534,271.83451621162004,31,2,4,4,2,1,237,15,4.783787015817961,4.38572374115051,5,14,32,12,,0.32058080899997776,4,0,4,4,4,0,4,4,4,4
,,0,,,,,,,,,,,,,,,36,,,,,,,,,,,,,,missing_positive_or_negative_mode,,,,,,,,,,,
0.02546563372015953,,1,8,10,32,6,0,0,32,0,39,1,0.0,0,94.1224181714925,63.38910065660548,39,26,25,26,0,1,175,2,3.4134885290091996,1.8685504149614656,5,6,32,5,,0.40998760799999445,36,9,24,25,16,9,25,26,17,39
0.02474386617541313,,1,3,7,32,6,0,0,32,0,37,1,0.0,0,30.55553110120693,160.68386581869362,74,26,27,27,1,1,96,8,2.4087502182133815,6.586020642921072,10,4,32,2,,0.4134681809999847,38,15,18,26,8,15,19,27,9,37
0.02400164306163788,,1,5,8,32,4,0,0,32,0,30,1,0.0,0,179.04282085242707,241.07715146545652,90,27,30,30,3,1,102,1,3.0242621981714746,3.7387391037139865,6,8,32,4,,0.4380910069999686,30,13,28,30,16,13,28,30,16,35
,,0,,,,,,,,,,,,,,,98,,,,,,,,,,,,,,missing_positive_or_negative_mode,,,,,,,,,,,
,,0,,,,,,,,,,,,,,,104,,,,,,,,,,,,,,missing_positive_or_negative_mode,,,,,,,,,,,
0.02400040253996849,,1,3,4,32,2,0,0,32,0,30,1,0.0,0,121.66784369491818,190.0883058955678,112,24,27,27,3,1,153,3,2.256017864363762,4.169123941749364,4,8,32,5,,0.42114930799999684,30,22,26,27,5,22,26,27,5,32
0.025456270202994347,,1,11,14,32,4,2,3,32,1,98,1,0.0,0,9.850760181857533,36.53975529791285,118,32,32,32,0,1,66,1,1.8005487554455593,4.00312788384295,10,10,32,2,,0.4656182759999865,101,16,24,32,11,17,24,32,10,132
0.02401033416390419,,1,4,11,32,9,0,0,32,0,56,1,0.0,0,8.0054223893744,120.42394704067524,120,23,23,26,0,1,134,24,10.444780263613401,26.110692111651908,5,7,32,5,,0.539709146000007,58,4,23,27,19,4,22,26,18,56
,,0,,,,,,,,,,,,,,,134,,,,,,,,,,,,,,missing_positive_or_negative_mode,,,,,,,,,,,
0.02473904751241207,,1,5,4,32,2,1,0,32,0,29,1,0.0,0,121.49959022851466,284.1764643087041,138,18,21,21,3,1,238,22,3.085826198061176,27.858071870414758,5,3,32,2,,0.3630015589999971,28,17,10,21,2,17,10,21,2,32
0.021630914881825447,,1,5,7,32,5,1,0,32,0,73,1,0.0,0,178.47639664754143,227.35390267726524,139,31,32,32,1,1,145,1,2.1389980065985754,2.9241590602629453,6,10,32,6,,0.46984260599998606,73,15,25,32,11,15,25,32,11,88
0.02473904751241207,,1,16,11,32,6,18,0,32,0,8,1,2.0,1,175.5412259443854,397.58936658290685,151,8,8,8,0,1,77,0,3.6455496860721657,5.601976181349244,15,4,32,2,,0.35479984099998774,7,6,4,7,0,7,4,8,0,8
0.02401033416390419,,1,2,18,32,16,12,17,32,9,87,1,0.0,0,13.66723765959008,31.570742126737848,155,30,32,32,2,1,48,7,2.6056384978681106,10.689669523179433,7,10,32,4,,0.4633522629999902,86,14,23,32,13,14,23,32,13,100
0.02399543486535549,,1,7,1,32,1,0,1,32,1,25,1,0.0,0,178.48243907443944,224.21078206731565,166,22,23,23,1,1,415,30,8.340387254610091,7.391155455364931,9,3,32,1,,0.41791986000004044,25,19,0,23,0,19,0,23,0,27
0.022455628961324692,,1,7,7,32,4,1,1,32,1,28,1,0.0,0,178.46287327616932,207.85828994263386,180,25,26,26,1,1,154,3,3.835377477985034,6.543847381347466,9,7,32,3,,0.4105840930000113,28,25,26,26,1,25,26,26,1,29
0.025456270202994347,,1,7,8,32,5,4,0,32,0,19,1,0.0,0,83.67979842900517,435.2767308038297,182,16,16,16,0,1,77,1,2.379957251880753,5.094083068524692,4,8,32,6,,0.3721729000000096,17,13,11,14,1,14,14,16,2,19
0.02472458779811859,,1,3,2,32,0,0,0,32,0,28,1,2.0,1,178.9865011022204,127.45723440191996,198,21,22,22,1,1,21,0,2.9138458697324974,7.01986803723805,6,6,32,4,,0.3806873490000271,28,19,15,22,0,19,15,22,0,34
0.02400040253996849,,1,13,6,32,2,5,0,32,0,24,1,0.0,0,178.6320506754772,241.96955673215336,224,23,23,23,0,1,387,43,4.9312208298834035,6.091340548773829,8,8,32,5,,0.4068434960000218,25,22,23,24,2,22,22,23,1,24
0.02400040253996849,,1,3,8,32,8,0,1,32,1,13,1,0.0,0,141.77150256995571,174.79767115311412,225,10,11,11,1,1,112,2,2.3957500887696477,4.3150218645773455,2,5,32,3,,0.3374599019999778,13,6,11,11,5,6,11,11,5,13
0.023997917771339417,,1,12,7,32,3,1,0,32,0,30,1,1.0,0,97.95808103522516,73.50373422321414,231,28,28,28,0,1,254,38,4.783984918723976,10.80419895460501,13,9,32,4,,0.4985021670000265,31,26,24,28,1,25,24,28,2,35
0.0247294083237648,,1,6,8,32,5,0,0,32,0,50,1,0.0,0,87.20265337173883,206.73779594517634,242,32,32,32,0,1,274,19,3.1358007971224526,4.129644500421327,8,13,32,5,,0.4949941869999748,51,29,31,32,3,29,31,32,3,71
0.025446902960538864,,1,1,0,32,0,0,0,32,0,23,1,0.0,0,82.26903464949571,317.6511836203597,243,16,17,17,1,1,102,19,2.693854899037602,12.541616343048304,2,5,32,4,,0.3718339080000419,25,18,16,19,1,16,15,17,1,27
0.022455628961324692,,1,8,7,32,2,0,0,32,0,30,1,0.0,0,83.68639257653942,104.22592969160083,247,23,23,23,0,1,186,8,9.335285155133416,9.789765804459364,6,5,32,1,,0.43099144299998216,30,23,22,23,0,23,22,23,0,41
0.02400040253996849,,1,2,6,32,5,0,0,32,0,42,1,0.0,0,89.33386610055496,209.7634843082183,255,28,28,28,0,1,135,2,3.5744613315619063,13.189530866655415,4,5,32,2,,0.4502787559999888,40,26,17,29,2,25,17,28,2,70
0.021639179438352585,,1,10,3,32,2,0,0,32,0,11,1,0.0,0,96.03461035381369,163.0134380846559,262,9,11,11,2,1,221,6,12.120475336783077,18.345817190858664,10,1,32,1,,0.34830678200000875,8,5,1,8,1,7,2,11,1,11
0.02400040253996849,,1,2,7,32,7,0,0,32,0,1,1,0.0,0,92.14839756134552,133.2455085862017,268,0,1,1,1,1,112,4,2.517436077602003,5.7593356189940454,0,3,32,3,,0.29607017000000724,1,0,1,1,1,0,1,1,1,1
0.02473422884941101,,1,1,0,32,0,1,0,32,0,18,1,0.0,0,176.94512744915352,336.1783281570316,269,8,9,9,1,1,247,34,2.4513385030477663,5.09596684698792,7,4,32,2,,0.3045381819999875,21,7,8,10,1,7,8,9,1,18
,,0,,,,,,,,,,,,,,,270,,,,,,,,,,,,,,missing_positive_or_negative_mode,,,,,,,,,,,
0.02473422884941101,,1,4,1,32,1,0,0,32,0,0,1,0.0,0,85.2802915286445,397.3560657224152,274,0,0,0,0,1,243,29,5.959582817661925,16.112773362505184,4,3,32,3,,0.2641419910000309,0,0,0,0,0,0,0,0,0,0
,,0,,,,,,,,,,,,,,,292,,,,,,,,,,,,,,missing_positive_or_negative_mode,,,,,,,,,,,
0.025446902960538864,,1,1,5,32,4,0,0,32,0,35,1,0.0,0,128.97450080978257,286.4681949012602,319,23,23,23,0,1,52,1,2.844898408554562,5.973827573382088,6,7,32,5,,0.38515511699995386,35,20,10,23,3,20,10,23,3,52
0.025456270202994347,,1,2,12,32,12,3,5,32,5,0,1,1.0,0,89.17980311743803,377.2201177000207,352,0,0,0,0,1,34,1,3.206824223284491,3.2358575164222803,4,7,32,7,,0.272695452999983,0,0,0,0,0,0,0,0,0,0
0.022450320422649384,,1,7,7,32,5,1,0,32,0,1,1,0.0,0,88.76224585393936,372.4010453348293,356,1,1,1,0,1,260,20,6.85418912513341,22.916560668123008,5,6,32,5,,0.2779417240000157,2,1,2,2,1,0,1,1,1,1
0.024736639112234116,,1,6,3,32,2,1,0,32,0,9,1,1.0,1,162.6226728587835,250.02092392528655,370,8,8,8,0,1,9,0,2.4887804342213307,3.151291193846659,9,4,32,4,,0.3260791989999916,10,6,5,9,0,6,5,8,0,9
0.02400040253996849,,1,9,9,32,4,0,0,32,0,14,1,0.0,0,95.90192451285196,340.5691625516394,383,14,14,14,0,1,95,9,2.4167259666598704,3.3794406033034194,6,18,32,12,,0.3921123950000265,15,7,14,15,8,6,14,14,8,14
0.022455628961324692,,1,11,7,32,3,2,0,32,0,0,1,1.0,0,98.12612935836673,417.0138880303742,384,0,0,0,0,1,99,9,5.993865671630684,15.595755780042472,12,7,32,5,,0.2712878550000255,0,0,0,0,0,0,0,0,0,0
0.027482904493808746,,1,9,7,32,5,2,1,32,0,24,1,2.0,0,83.11608093059432,206.67069007991898,397,21,21,21,0,1,54,3,8.933351029621946,12.44344297652871,13,12,32,5,,0.3911352920000013,24,17,18,21,4,17,18,21,4,24
,,0,,,,,,,,,,,,,,,398,,,,,,,,,,,,,,missing_positive_or_negative_mode,,,,,,,,,,,
,,0,,,,,,,,,,,,,,,406,,,,,,,,,,,,,,missing_positive_or_negative_mode,,,,,,,,,,,
,,0,,,,,,,,,,,,,,,407,,,,,,,,,,,,,,missing_positive_or_negative_mode,,,,,,,,,,,
0.02473422884941101,,1,4,5,32,5,0,0,32,0,15,1,1.0,0,126.63969173387704,165.9354808275064,434,15,15,15,0,1,45,2,2.530268674423638,3.4383198857526622,4,7,32,6,,0.35566807399999334,15,15,4,15,0,15,4,15,0,15
,,0,,,,,,,,,,,,,,,459,,,,,,,,,,,,,,missing_positive_or_negative_mode,,,,,,,,,,,
0.02399543486535549,,1,17,7,32,6,6,13,32,13,1,1,1.0,0,11.283387152751503,103.77176600001488,502,1,1,1,0,1,254,23,11.527451788417228,19.22558444882038,12,10,32,6,,0.3141359679999596,1,0,1,1,1,0,1,1,1,1
,,0,,,,,,,,,,,,,,,514,,,,,,,,,,,,,,missing_positive_or_negative_mode,,,,,,,,,,,
0.02400040253996849,,1,2,2,32,2,0,0,32,0,43,1,0.0,0,17.255776288016232,100.28744939543787,516,13,18,18,5,1,45,6,3.312799890240611,21.466281189279478,2,5,32,5,,0.3440596689999893,44,6,9,18,6,6,9,18,6,43
0.022450320422649384,,1,0,5,32,5,0,0,32,0,17,1,0.0,0,38.23701694849235,55.728161173120895,517,8,8,9,1,1,91,16,11.48163689805874,22.19056852132654,1,3,32,3,,0.3005356440000355,17,4,7,9,4,4,7,9,4,17
0.018973983824253082,,1,2,0,32,0,0,0,32,0,0,1,1.0,0,96.25279699157072,104.56688983486598,519,0,0,0,0,1,94,5,6.56910323486469,29.222932839245818,0,1,32,1,,0.2508502679999651,0,0,0,0,0,0,0,0,0,0
0.025428157299757004,,1,2,9,32,9,11,1,32,1,31,1,0.0,0,129.91180979441097,415.2794515224285,526,16,19,19,3,1,345,36,2.5139939125026003,12.855856414996289,7,10,32,7,,0.3765380680000021,31,4,18,20,14,4,17,19,13,38
,,0,,,,,,,,,,,,,,,527,,,,,,,,,,,,,,missing_positive_or_negative_mode,,,,,,,,,,,
,,0,,,,,,,,,,,,,,,533,,,,,,,,,,,,,,missing_positive_or_negative_mode,,,,,,,,,,,
0.02476312965154648,,1,6,4,32,4,4,7,32,6,7,1,1.0,0,40.75643351820547,194.4566663125468,537,2,2,2,0,1,193,38,3.7931344697260503,9.49465255162095,7,5,32,4,,0.28521795299997166,6,1,2,2,1,1,2,2,1,7
0.02545158751308918,,1,4,6,32,6,1,0,32,0,0,1,1.0,0,32.94882466817767,280.33062909676596,538,0,0,0,0,1,33,3,1.8111803484757185,12.137064346848147,3,13,32,13,,0.2736604290000173,0,0,0,0,0,0,0,0,0,0
0.02474386617541313,,1,14,12,32,7,0,7,32,7,39,1,0.0,0,168.89234543377378,487.11086552906255,548,31,32,32,1,1,269,41,5.033087397161702,15.251845846944038,8,15,32,13,,0.44996455900002275,37,24,28,31,6,24,28,32,7,39
0.02474386617541313,,1,8,9,32,6,5,2,32,2,39,1,0.0,0,112.43569809751416,444.132300121608,554,31,32,32,1,1,224,41,11.633674441094522,14.086224032395586,15,13,32,7,,0.46514057000001685,39,20,32,32,12,20,32,32,12,39
0.02474386617541313,,1,5,3,32,2,0,0,32,0,2,1,0.0,0,165.92942101043252,401.61816247184856,560,1,2,2,1,1,173,47,11.9042929372624,28.338647887702383,4,6,32,6,,0.31190328899998576,3,2,1,3,0,1,1,2,0,2
0.02400040253996849,,1,0,6,32,6,0,6,32,6,37,1,0.0,0,178.2614136411746,490.5118551096346,566,31,32,32,1,1,157,20,7.036159358141726,28.824013175028234,12,16,32,7,,0.46081343699995614,37,23,31,32,9,23,31,32,9,50
0.02473422884941101,,1,1,4,32,4,0,14,32,14,1,1,0.0,0,100.68880954520438,330.16002444932656,567,0,1,1,1,1,168,21,8.695884238617394,17.55485636065739,4,9,32,9,,0.26805651899996974,1,0,0,1,0,0,0,1,0,1
0.02474386617541313,,1,0,5,32,5,0,0,32,0,0,1,2.0,0,178.41399009322691,342.1252666128531,574,0,0,0,0,1,97,3,2.599119892518224,6.151660583765352,4,4,32,4,,0.24602006100002427,0,0,0,0,0,0,0,0,0,0
,,0,,,,,,,,,,,,,,,576,,,,,,,,,,,,,,missing_positive_or_negative_mode,,,,,,,,,,,
0.02400040253996849,,1,4,5,32,4,0,1,32,1,16,1,1.0,0,179.49478848363563,484.7262750042079,577,15,16,16,1,1,178,3,1.7026272242954217,5.0865957106736746,7,6,32,2,,0.3700693580000234,16,15,16,16,1,15,16,16,1,16
0.02402026206254959,,1,3,11,32,10,0,5,32,5,26,1,0.0,0,179.8828881787389,466.06542164513723,578,24,25,25,1,1,137,2,2.374559802097765,4.530114009104209,10,12,32,3,,0.4376378990000376,26,21,25,25,4,21,25,25,4,29
,,0,,,,,,,,,,,,,,,583,,,,,,,,,,,,,,missing_positive_or_negative_mode,,,,,,,,,,,
0.02473904751241207,,1,0,25,32,25,0,9,32,9,23,1,3.0,1,178.80464962440527,493.8870555647866,587,17,18,18,1,1,3,0,3.3199863162693766,20.329901603815472,3,12,32,12,,0.37471797500001003,23,4,17,18,13,4,17,18,13,25
,,0,,,,,,,,,,,,,,,588,,,,,,,,,,,,,,missing_positive_or_negative_mode,,,,,,,,,,,
0.02401033416390419,,1,1,12,32,12,1,4,32,4,17,1,5.0,0,173.45207501549368,481.10348091355695,590,14,14,14,0,1,20,3,2.5250475865146313,2.7410180627285916,6,8,32,6,,0.3449409259999925,18,2,13,14,11,2,13,14,11,17
0.02400040253996849,,1,3,13,32,12,0,10,32,10,43,1,0.0,0,180.0,519.4256201277283,591,30,30,30,0,1,206,16,3.1534279326545303,14.02386574282236,9,7,32,4,,0.46990748199999643,43,28,10,30,0,28,10,30,0,70
0.02473422884941101,,1,4,16,32,12,1,24,32,23,42,1,2.0,0,85.77235596048146,387.2453545733106,592,32,32,32,0,1,60,1,3.8959736045518705,14.856043582963267,5,14,32,9,,0.483560046999969,42,21,29,32,8,21,29,32,8,47
,,0,,,,,,,,,,,,,,,593,,,,,,,,,,,,,,missing_positive_or_negative_mode,,,,,,,,,,,
0.024705294519662857,,1,9,5,32,2,0,0,32,0,21,1,0.0,0,82.78463383430523,401.93342169128164,596,15,15,15,0,1,85,6,0.6479560770455705,15.750507887559337,6,0,32,0,,0.36099378699998397,22,15,8,15,0,15,8,15,0,21
0.02545158751308918,,1,0,9,32,9,0,0,32,0,5,1,0.0,0,150.92713460166976,276.9491036470674,597,4,4,4,0,1,314,38,4.150192500817951,4.192414007380147,0,5,32,5,,0.2721446250000099,5,4,3,4,0,4,3,4,0,5
0.02472458779811859,,1,0,19,32,19,0,2,32,2,0,1,0.0,0,68.19742387388214,294.1885718439335,599,0,0,0,0,1,178,5,1.8281275734173281,4.840084104014239,6,8,32,8,,0.2922033250000027,0,0,0,0,0,0,0,0,0,0
,,0,,,,,,,,,,,,,,,602,,,,,,,,,,,,,,missing_positive_or_negative_mode,,,,,,,,,,,
,,0,,,,,,,,,,,,,,,603,,,,,,,,,,,,,,missing_positive_or_negative_mode,,,,,,,,,,,
0.02473422884941101,,1,17,13,32,3,1,5,32,5,12,1,2.0,1,126.38481968282875,398.5591637722527,604,10,10,10,0,1,15,0,5.137993836258153,11.148858383815519,6,6,32,2,,0.36680086400002665,12,8,9,10,2,8,9,10,2,12
,,0,,,,,,,,,,,,,,,606,,,,,,,,,,,,,,missing_positive_or_negative_mode,,,,,,,,,,,
0.023990465328097343,,1,6,16,32,12,0,9,32,9,59,1,2.0,0,177.54567856381263,512.5788573509735,609,32,32,32,0,1,120,8,2.9987040992458396,8.953361608800085,12,12,32,5,,0.49688997499998777,59,31,27,32,1,31,27,32,1,96
0.02404010482132435,,1,5,21,32,18,0,15,32,15,52,1,1.0,0,179.81049982296892,495.2371020211542,610,32,32,32,0,1,90,3,1.5136777170770939,8.075852767180965,10,6,32,6,,0.5010496499999704,52,30,10,32,1,30,10,32,1,83
0.02402026206254959,,1,1,4,32,4,0,1,32,1,0,1,2.0,0,61.49429595979839,385.5882687601465,612,0,0,0,0,1,61,5,2.8390044247860864,22.964131628599453,0,4,32,4,,0.27294045400003597,0,0,0,0,0,0,0,0,0,0
0.02401033416390419,,1,23,22,32,3,2,5,32,4,50,1,0.0,0,43.34270553703481,155.78223713819622,615,32,32,32,0,1,85,5,2.533818840507274,6.89755640135213,14,10,32,1,,0.5018193440000118,50,29,31,32,3,29,31,32,3,50
0.02402026206254959,,1,18,17,32,4,1,0,32,0,28,1,0.0,0,71.86869923110672,224.28555064013963,616,23,23,23,0,1,169,13,4.127308147127874,6.027722281716746,9,9,32,5,,0.4337946069999816,28,20,19,23,3,20,19,23,3,28
0.02401033416390419,,1,13,21,32,8,0,0,32,0,34,1,3.0,0,84.5762222928266,293.73081619876945,617,28,28,28,0,1,384,30,4.645116176985479,5.1145943600372,9,11,32,4,,0.4658137060000058,34,21,27,28,6,21,27,28,6,34
,,0,,,,,,,,,,,,,,,618,,,,,,,,,,,,,,missing_positive_or_negative_mode,,,,,,,,,,,
0.02472458779811859,,1,18,20,32,5,0,4,32,4,24,1,0.0,0,87.39784568684824,308.5503214191915,619,23,23,23,0,1,268,21,1.5339026696419606,2.4262976792699287,9,9,32,4,,0.4364053549999767,24,16,23,23,7,16,23,23,7,24
,,0,,,,,,,,,,,,,,,621,,,,,,,,,,,,,,missing_positive_or_negative_mode,,,,,,,,,,,
,,0,,,,,,,,,,,,,,,625,,,,,,,,,,,,,,missing_positive_or_negative_mode,,,,,,,,,,,
0.02472458779811859,,1,10,6,32,2,7,1,32,0,23,1,1.0,0,176.10539169593653,257.7110595496113,655,19,19,19,0,1,233,23,8.046682371960923,8.7133234404807,14,10,32,4,,0.37549411999998483,24,18,19,19,1,18,19,19,1,23
0.023997917771339417,,1,22,4,32,4,7,1,32,1,8,1,2.0,1,89.15046374224966,150.26771417898516,664,5,7,7,2,1,1,0,1.2570082731033383,1.6257700523150909,15,11,32,8,,0.31919609700003093,8,5,7,7,2,5,7,7,2,8
,,0,,,,,,,,,,,,,,,680,,,,,,,,,,,,,,missing_positive_or_negative_mode,,,,,,,,,,,
0.02400040253996849,,1,16,4,32,4,0,2,32,2,13,1,0.0,0,94.93352287988603,340.09689577560016,686,10,11,11,1,1,16,2,1.571920465216756,9.321509565109414,7,10,32,8,,0.3654881670000236,13,8,11,11,3,8,11,11,3,13
0.02400040253996849,,1,2,10,32,8,0,0,32,0,19,1,0.0,0,166.3102966377951,608.9638982095835,688,15,15,15,0,1,87,20,3.5346472446207193,16.283203631125247,3,10,32,7,,0.35298611999996865,19,15,14,15,0,15,14,15,0,19
0.023990465328097343,,1,15,9,32,0,0,0,32,0,91,1,0.0,0,7.40363872953974,56.90182934237027,689,31,32,32,1,1,259,1,2.313441970513024,10.414835301407807,18,13,32,0,,0.48260999899997614,93,28,22,32,1,28,22,32,1,110
0.02474386617541313,,1,0,3,32,3,0,0,32,0,9,1,2.0,1,160.82783264892012,408.57969506789146,697,8,8,8,0,1,10,0,3.3449124013784406,5.63990025644754,5,2,32,2,,0.28629002200000286,9,5,3,8,1,5,3,8,1,9
0.023997917771339417,,1,3,7,32,6,0,0,32,0,67,1,0.0,0,14.72515581153693,83.75875327908015,699,31,30,32,0,1,444,36,5.52322576638018,5.706980656785963,7,5,32,3,,0.4313488500000062,67,20,30,32,11,20,30,32,11,67
0.026833264157176018,,1,9,9,32,4,0,0,32,0,56,1,1.0,0,29.607527673800607,149.4792355432416,721,31,32,32,1,1,104,7,0.7182439790932238,0.8913588137639751,12,11,32,0,,0.4836895490000188,61,31,30,32,1,31,30,32,1,65
0.02476312965154648,,1,4,4,32,1,1,0,32,0,91,1,1.0,0,6.2551557860299525,31.962476094753594,734,25,29,32,4,1,109,21,4.109522160649534,18.44981725014552,6,4,32,0,,0.40133531999998695,91,21,23,32,4,20,23,32,5,144
,,0,,,,,,,,,,,,,,,737,,,,,,,,,,,,,,missing_positive_or_negative_mode,,,,,,,,,,,
0.02400040253996849,,1,7,12,32,6,0,1,32,1,117,1,0.0,0,26.163517775470694,103.65925795841959,769,32,32,32,0,1,458,2,1.0435735790406049,3.8793545487955265,17,20,32,7,,0.47526342600002636,116,28,27,32,4,28,27,32,4,172
0.02401033416390419,,1,6,7,32,3,0,1,32,1,84,1,0.0,0,33.870032004820004,148.34330819144904,770,32,32,32,0,1,606,20,2.7920402324196756,11.70879895985871,9,16,32,8,,0.46481991199999584,84,15,32,32,17,15,32,32,17,133
0.02473422884941101,,1,3,2,32,1,0,0,32,0,69,1,2.0,1,23.695318783153976,147.88034347409408,774,31,32,32,1,1,4,0,0.9189339881936954,6.7643246256866405,12,12,32,4,,0.42566180199997916,70,30,24,32,1,29,27,32,2,74
0.025456270202994347,,1,6,2,32,1,2,1,32,1,7,1,0.0,0,76.40909261605506,225.4719584889053,778,4,5,5,1,1,15,1,1.9458766858443812,5.850048241267293,9,6,32,6,,0.29502558199999385,7,3,5,5,2,3,5,5,2,7
0.022450320422649384,,1,12,11,32,4,0,0,32,0,12,1,0.0,0,124.09815802237445,119.73702990040418,806,10,10,10,0,1,52,1,8.767849851585629,29.254351889925385,8,3,32,3,,0.3578588980000177,12,8,6,10,1,8,6,10,1,12
0.026824377477169037,,1,13,2,32,1,2,1,32,1,25,1,1.0,0,178.04812297549225,349.89427719599263,815,16,16,16,0,1,24,1,6.399755106257103,15.466381306871913,9,5,32,4,,0.3534804600000143,29,17,15,20,2,14,12,16,2,25
0.02473422884941101,,1,1,1,32,1,0,0,32,0,1,1,0.0,0,55.92768426026072,152.27744357715315,836,1,1,1,0,1,342,45,3.1827127777009396,28.39154352183116,9,5,32,1,,0.2563715850000108,1,1,1,1,0,1,1,1,0,1
0.02401033416390419,,1,0,0,32,0,0,0,32,0,65,1,0.0,0,32.35915429845738,75.0004899970402,877,25,26,26,1,1,389,48,2.4797234846656067,11.657509938439672,5,4,32,0,,0.3781244440000364,62,25,22,25,0,25,22,26,0,113
0.02402026206254959,,1,0,6,32,6,2,0,32,0,23,1,0.0,0,81.28086581830857,102.28886835505675,878,21,21,21,0,1,294,21,12.154984017487012,27.5226202526316,4,12,32,11,,0.3771466879999821,23,9,21,21,12,9,21,21,12,23
0.02400040253996849,,1,6,3,32,0,0,0,32,0,81,1,0.0,0,5.9530493292436075,43.14025114736451,887,30,31,32,1,1,429,2,2.2830121693544903,9.670963516374995,9,8,32,1,,0.43672758700000713,81,23,20,32,3,22,20,32,3,189
0.02400536835193634,,1,6,5,32,2,0,0,32,0,45,1,0.0,0,175.79604146469958,559.6966338884505,890,32,32,32,0,1,211,5,3.906954668288703,13.301830395172221,12,10,32,4,,0.4425405399999818,45,31,16,32,0,31,16,32,0,62
,,0,,,,,,,,,,,,,,,891,,,,,,,,,,,,,,missing_positive_or_negative_mode,,,,,,,,,,,
0.023990465328097343,,1,5,9,32,5,3,1,32,0,76,1,0.0,0,43.90897204238123,29.169781944444367,892,30,31,32,1,1,248,5,5.474720672749852,4.315713845268219,12,11,32,1,,0.4260293369999886,77,26,31,32,5,26,31,32,5,132
0.02399543486535549,,1,7,8,32,2,0,1,32,1,96,1,1.0,0,43.03057293856843,31.593938977059377,893,32,32,32,0,1,394,6,7.727682274482363,9.55844007393291,4,9,32,6,,0.43765017399999806,96,19,32,32,13,19,32,32,13,152
0.02400040253996849,,1,4,1,32,1,0,1,32,1,38,1,1.0,0,168.92969164047938,258.5717701118796,896,30,31,31,1,1,260,37,7.890998576282624,6.785553657962433,8,4,32,1,,0.40655872799999315,38,26,5,31,2,26,5,31,2,46
0.02400040253996849,,1,9,0,32,0,0,2,32,2,18,1,1.0,0,150.94671072334728,279.7514288593416,897,15,17,17,2,1,25,2,10.554245994705637,26.16949841327294,9,2,32,2,,0.3519882400000256,18,14,0,17,0,14,0,17,0,19
0.024002885445952415,,1,9,9,32,1,0,1,32,1,33,1,3.0,1,169.96712838682447,166.70247289337982,898,27,27,27,0,1,290,27,3.0006525584526123,10.459877217338395,6,9,32,3,,0.4428277600000001,33,27,24,27,0,27,24,27,0,39
0.02545158751308918,,1,5,8,32,8,3,2,32,2,0,1,0.0,0,150.65747464754764,282.73399373289135,907,0,0,0,0,1,36,7,5.962246590728938,11.770527715703635,7,6,32,6,,0.3043678850000333,0,0,0,0,0,0,0,0,0,0
,,0,,,,,,,,,,,,,,,915,,,,,,,,,,,,,,missing_positive_or_negative_mode,,,,,,,,,,,
0.02474386617541313,,1,7,12,32,11,0,0,32,0,8,1,2.0,0,116.95970284199197,184.75334150651176,916,6,7,7,1,1,43,6,5.561932092380165,19.984064471656733,7,13,32,11,,0.3649246549999816,11,5,8,10,5,3,5,7,4,8
0.026824377477169037,,1,13,5,32,1,5,0,32,0,8,1,4.0,0,126.33838612441208,416.42024528637575,918,7,7,7,0,1,136,44,2.839558084930246,8.568669606053808,7,2,32,1,,0.3343784059999848,10,7,4,8,0,6,4,7,0,8
0.02473904751241207,,1,5,12,32,11,1,2,32,2,2,1,0.0,0,163.8135363446586,294.14652776263046,929,2,2,2,0,1,72,10,2.3182196543510956,7.7560913593981,3,7,32,7,,0.2677236730000345,2,1,1,2,1,1,1,2,1,2
0.02163366973400116,,1,2,2,32,2,0,0,32,0,0,1,4.0,1,111.01564182061875,440.2647793266899,942,0,0,0,0,1,16,0,7.530739122210259,13.16705542014164,1,2,32,2,,0.24217634800004362,0,0,0,0,0,0,0,0,0,0
0.018000300973653793,,1,11,3,32,3,0,0,32,0,0,1,0.0,0,123.16401176372327,134.21865309264146,944,0,0,0,0,1,204,12,4.542957622868367,6.550509715034976,5,4,32,4,,0.27262963800001216,0,0,0,0,0,0,0,0,0,0
0.022450320422649384,,1,3,4,32,4,0,0,32,0,2,1,0.0,0,9.1312033454198,111.52815579439887,956,2,2,2,0,1,114,14,11.576938137812617,28.31774517632396,4,1,32,1,,0.2781602419999558,2,2,0,2,0,2,0,2,0,2
0.02243969775736332,,1,9,7,32,2,0,0,32,0,92,1,0.0,0,7.592253092536393,42.63967579191555,966,26,27,31,1,1,263,8,1.6233175376909987,7.827046436203419,6,5,32,0,,0.43166561900000033,94,19,16,31,0,19,16,31,0,258
0.023990465328097343,,1,13,10,32,1,1,0,32,0,39,1,0.0,0,16.93213811517989,100.17899729279327,967,18,18,19,0,1,213,10,1.5440572075868502,24.524787812037726,12,7,32,1,,0.3922069729999862,40,14,12,19,1,14,12,19,1,39
,,0,,,,,,,,,,,,,,,972,,,,,,,,,,,,,,missing_positive_or_negative_mode,,,,,,,,,,,
0.024705294519662857,,1,9,12,32,5,0,0,32,0,140,1,0.0,0,10.02178642986322,62.077889147065854,974,29,28,32,0,1,233,33,4.104022858749089,15.980035893978284,7,6,32,1,,0.4413533650000545,140,23,19,32,2,23,19,32,2,235
0.02400040253996849,,1,2,11,32,9,0,0,32,0,0,1,0.0,0,84.43340097315962,579.8890317418552,975,0,0,0,0,1,184,49,7.833569184491868,18.840803923199406,1,4,32,3,,0.23816863500002228,0,0,0,0,0,0,0,0,0,0
,,0,,,,,,,,,,,,,,,976,,,,,,,,,,,,,,missing_positive_or_negative_mode,,,,,,,,,,,
0.02402026206254959,,1,2,2,32,0,0,0,32,0,106,1,0.0,0,11.65197534192584,66.00777799529449,981,27,29,32,2,1,339,45,3.808064668562321,11.787972292019777,3,2,32,0,,0.4160763700000416,104,25,24,32,0,26,25,32,0,119
0.02402026206254959,,1,2,4,32,2,0,0,32,0,109,1,0.0,0,8.610298963756927,49.70641143250886,982,28,28,32,0,1,415,28,3.162060537806207,7.5114281487624694,5,5,32,0,,0.5236771639999915,109,20,27,32,7,20,27,32,7,184
0.02400040253996849,,1,5,3,32,0,0,0,32,0,103,1,0.0,0,7.902398522673973,43.79144533989049,983,28,29,32,1,1,333,9,2.115755060852929,12.834893857415702,12,8,32,1,,0.44917524999999614,100,22,21,32,2,21,21,32,2,263
0.02400164306163788,,1,5,2,32,0,0,0,32,0,127,1,2.0,1,11.656344529570482,53.238488820531124,984,29,30,32,1,1,355,11,4.193391068847087,14.854209460835746,8,4,32,0,,0.4321849310000516,124,19,2,32,0,19,2,32,0,151
0.02396063320338726,,1,11,10,32,1,0,0,32,0,38,1,2.0,1,6.471244763309857,37.76636876314172,986,12,12,16,0,1,59,0,3.1343922164442226,21.251002722533112,3,5,32,3,,0.3546687769999721,37,11,12,16,1,11,12,16,1,301
0.02400040253996849,,1,9,5,32,0,0,0,32,0,126,1,0.0,0,9.636881256730744,50.40152756441137,987,32,32,32,0,1,226,3,6.094676929859182,19.3553047308994,8,6,32,0,,0.4349084990000165,126,23,20,32,2,23,20,32,2,292
0.02400040253996849,,1,3,2,32,0,0,0,32,0,126,1,0.0,0,8.59700542657971,53.038145826919056,988,28,28,32,0,1,245,6,5.568459872067758,6.296733811424121,9,8,32,1,,0.43088482999996813,125,22,23,32,2,23,24,32,2,227
0.02162264660000801,,1,4,3,32,0,0,0,32,0,113,1,0.0,0,13.30171034114669,40.843214379230176,992,29,29,30,0,1,59,1,3.5098932275347474,11.081566073058264,2,3,32,1,,0.3998332940000182,113,23,13,31,2,23,13,30,2,206
,,0,,,,,,,,,,,,,,,994,,,,,,,,,,,,,,missing_positive_or_negative_mode,,,,,,,,,,,
0.023990465328097343,,1,4,2,32,0,0,0,32,0,73,1,1.0,0,14.921876555871195,40.33416834874183,1001,19,19,20,0,1,36,1,2.194377290660212,6.844638784568727,0,1,32,1,,0.34925749100000303,72,9,10,20,5,9,10,20,5,128
0.02400040253996849,,1,10,15,32,5,0,0,32,0,136,1,0.0,0,7.530671870898671,47.959600053615986,1009,26,26,32,0,1,317,3,0.576035178187888,18.815085332885147,11,12,32,3,,0.432279101000006,141,21,24,32,4,21,24,32,4,186
0.02472458779811859,,1,12,11,32,0,0,0,32,0,147,1,0.0,0,16.634814445406324,85.19022643002566,1026,29,28,32,0,1,554,4,2.5108799217348947,7.691760473326443,13,11,32,0,,0.4595058830000198,144,23,21,32,2,23,21,32,2,210
0.02400536835193634,,1,15,11,32,5,14,9,32,6,39,1,5.0,1,9.660639295339815,46.8181106825026,1085,28,28,28,0,1,16,0,1.4332946389572134,4.4708121118044435,9,7,32,3,,0.5232267670000397,39,24,26,28,3,23,26,28,4,43
0.02400040253996849,,1,14,24,32,11,0,0,32,0,23,1,1.0,0,174.86536019411878,277.05046521164263,1130,13,13,13,0,1,262,25,3.968978589385188,23.096328992984763,6,6,32,3,,0.363674638999953,25,13,13,14,0,13,13,13,0,23
,,0,,,,,,,,,,,,,,,1132,,,,,,,,,,,,,,missing_positive_or_negative_mode,,,,,,,,,,,
,,0,,,,,,,,,,,,,,,1136,,,,,,,,,,,,,,missing_positive_or_negative_mode,,,,,,,,,,,
0.026833264157176018,,1,7,1,32,1,1,3,32,3,7,1,0.0,0,160.04463347409077,398.52485656365974,1161,6,7,7,1,1,137,4,1.6068273710490408,4.322435861021572,6,6,32,6,,0.3093837140000346,7,1,4,7,4,1,4,7,4,7
,,0,,,,,,,,,,,,,,,1178,,,,,,,,,,,,,,missing_positive_or_negative_mode,,,,,,,,,,,
0.025446902960538864,,1,14,1,32,1,0,3,32,3,0,1,1.0,0,176.156659498996,402.5488775074848,1191,0,0,0,0,1,355,36,3.0140589182302207,4.719072763910628,9,4,32,4,,0.31423784100002194,0,0,0,0,0,0,0,0,0,0
0.019888097420334816,,1,2,2,32,2,7,2,32,2,23,1,0.0,0,130.43778562253104,64.8568016627564,1210,15,15,15,0,1,448,30,4.606927743348655,10.302219690508549,6,4,32,4,,0.3573305049999931,19,8,4,14,1,8,6,15,2,23
,,0,,,,,,,,,,,,,,,1213,,,,,,,,,,,,,,missing_positive_or_negative_mode,,,,,,,,,,,
0.02474386617541313,,1,1,1,32,0,0,0,32,0,17,1,1.0,0,175.52905135661388,354.17178259288005,1214,12,12,12,0,1,219,37,8.463370391937325,20.894812361348844,8,7,32,2,,0.3489034720000177,17,11,10,12,1,11,10,12,1,18
,,0,,,,,,,,,,,,,,,1224,,,,,,,,,,,,,,missing_positive_or_negative_mode,,,,,,,,,,,
0.027482904493808746,,1,2,6,32,5,0,0,32,0,31,1,0.0,0,178.47603222029997,317.6198314226048,1259,22,22,22,0,1,145,10,3.4925168234500674,3.1483542909288516,7,9,32,4,,0.3910169700000097,32,21,19,22,0,21,18,22,0,34
0.026833264157176018,,1,1,2,32,2,0,0,32,0,0,1,0.0,0,180.0,332.846472126471,1276,0,0,0,0,1,194,43,4.364407023126964,21.17546972621675,5,2,32,2,,0.2704245730000139,0,0,0,0,0,0,0,0,0,0
0.02399543486535549,,1,0,0,32,0,0,0,32,0,36,1,0.0,0,178.38655375327576,342.4490936755372,1286,30,30,30,0,1,304,14,5.977490232835687,17.450172887740685,6,5,32,1,,0.43655545400002893,38,27,27,31,3,27,26,30,2,55
0.027500249445438385,,1,19,7,32,6,19,8,32,8,25,1,0.0,0,91.72947776836853,209.76159216576798,1305,13,15,15,2,1,110,3,6.739351195176003,1.4573547540432856,27,5,32,3,,0.408822879000013,25,12,12,14,1,13,12,15,1,28
0.02474386617541313,,1,5,3,32,1,1,3,32,2,87,1,0.0,0,3.9481744453736907,82.84890505892268,1309,30,32,32,2,1,180,17,6.892094922048283,6.136296221342905,12,13,32,6,,0.46183026599999266,86,25,25,32,4,26,25,32,3,98
0.025446902960538864,,1,3,5,32,5,1,1,32,1,0,1,0.0,0,91.48891575644544,367.36873376772564,1310,0,0,0,0,1,149,9,4.5886374665170955,22.21472730150867,0,2,32,2,,0.27041632599997456,0,0,0,0,0,0,0,0,0,0
0.02473904751241207,,1,4,7,32,7,4,4,32,4,2,1,1.0,0,93.92876011619865,230.57358871321244,1318,1,1,1,0,1,115,10,10.828510980692684,29.808900049780334,4,5,32,5,,0.30671029600000566,1,1,1,1,0,1,1,1,0,2
0.02400040253996849,,1,5,1,32,1,0,5,32,5,2,1,1.0,0,17.12046056940913,247.11253646447,1329,2,2,2,0,1,151,8,3.6723570784707578,7.517286798079005,8,3,32,3,,0.2954281730000048,1,1,0,1,0,2,0,2,0,2
0.02473422884941101,,1,0,1,32,1,2,0,32,0,40,1,0.0,0,178.68971372919032,280.203505483018,1330,32,32,32,0,1,364,18,2.324879343175304,20.446946902208243,8,5,32,2,,0.44850634200003014,40,27,29,32,4,27,29,32,4,48
0.030586834996938705,,1,14,7,32,4,5,0,32,0,7,1,2.0,1,33.37552239190195,207.05965627450823,1335,5,6,6,1,1,17,0,0.5338427486641223,2.990289591835377,15,8,32,6,,0.3309135760000004,7,4,6,6,2,4,5,6,2,7
0.026828821748495102,,1,5,15,32,11,0,0,32,0,44,1,0.0,0,179.7374675967795,253.97977569901707,1336,32,32,32,0,1,148,1,4.301674352609739,3.5959420276873786,10,13,32,5,,0.49166886799997656,48,31,28,32,1,32,28,32,0,53
0.026833264157176018,,1,6,7,32,2,0,0,32,0,53,1,0.0,0,179.5358832414065,380.8405842442378,1338,32,32,32,0,1,210,30,4.439235203845266,9.098973337848575,3,7,32,5,,0.46538738499998544,52,29,23,32,3,29,23,32,3,64
0.02473904751241207,,1,9,11,32,5,0,0,32,0,28,1,0.0,0,88.86278604834672,449.0694491258212,1343,21,24,25,4,1,252,38,7.201736983675019,18.27360126451643,7,8,32,4,,0.38697513500000014,26,19,19,24,3,20,20,25,3,28
0.022455628961324692,,1,0,0,32,0,0,0,32,0,44,1,0.0,0,98.32391464818063,187.8751280941371,1344,32,32,32,0,1,159,4,4.278075746833436,6.157738477549861,5,4,32,1,,0.4397321170000055,44,25,18,32,3,25,18,32,3,74
0.0247294083237648,,1,3,6,32,5,7,6,32,3,20,1,3.0,1,11.309892354475421,65.15368328877238,1345,12,12,12,0,1,30,0,2.0639256219757973,4.851227014240048,9,14,32,10,,0.3983667250000167,21,11,11,15,3,9,9,12,2,20
0.02474386617541313,,1,7,6,32,2,2,0,32,0,37,1,0.0,0,177.92921228156086,330.408992138369,1350,28,28,28,0,1,235,28,1.3128999006398476,5.283676952079676,7,6,32,3,,0.5073294160000046,36,26,22,27,0,27,22,28,0,52
0.025456270202994347,,1,2,5,32,5,0,0,32,0,39,1,0.0,0,177.99560857252618,379.3651333260663,1354,32,32,32,0,1,112,4,6.697811264587578,1.5176571998413955,3,10,32,9,,0.5589229789999877,39,20,11,32,5,20,11,32,5,44
,,0,,,,,,,,,,,,,,,1365,,,,,,,,,,,,,,missing_positive_or_negative_mode,,,,,,,,,,,
0.02399543486535549,,1,1,6,32,6,1,0,32,0,94,1,0.0,0,81.48286897807218,250.07577611277645,1387,32,32,32,0,1,450,22,2.3582339349823074,13.349290695853538,12,16,32,7,,0.5799206439999693,94,22,28,32,6,23,28,32,5,143
0.02472458779811859,,1,4,17,32,15,1,19,32,18,40,1,1.0,0,2.163723836888689,108.96489941889476,1390,32,32,32,0,1,278,1,0.9741221439343642,5.101819742085944,10,18,32,13,,0.6137612340000373,42,9,27,32,21,8,28,32,23,44
0.019900081679224968,,1,5,11,32,11,2,1,32,1,1,1,0.0,0,103.21289162955364,155.45434011503863,1397,0,1,1,1,1,205,4,2.3201381200816305,2.934168505467756,6,7,32,7,,0.3375075430000152,1,0,1,1,1,0,1,1,1,1
0.022450320422649384,,1,4,0,32,0,0,0,32,0,50,1,1.0,0,79.63038330418648,275.56473997568446,1399,23,24,24,1,1,271,42,2.605509136958851,12.29180624979255,4,0,32,0,,0.4258300550000058,50,18,0,24,0,18,0,24,0,70
,,0,,,,,,,,,,,,,,,1400,,,,,,,,,,,,,,missing_positive_or_negative_mode,,,,,,,,,,,
0.01989409141242504,,1,8,2,32,2,0,0,32,0,62,1,0.0,0,91.78893871668951,103.3024269306189,1405,17,22,22,5,1,96,4,1.2490090656019186,23.05630222967537,2,4,32,2,,0.4344308320000323,61,10,10,21,5,10,10,22,5,66
0.018967699259519577,,1,3,0,32,0,0,0,32,0,70,1,0.0,0,174.5186187237859,258.27789099078086,1414,32,32,32,0,1,242,2,1.9447470917654475,0.9484092010835327,3,2,32,1,,0.5252963330000284,70,32,18,32,0,32,18,32,0,85
0.02163366973400116,,1,17,1,32,1,2,1,32,1,0,1,0.0,0,126.63743270835597,104.41962172081061,1417,0,0,0,0,1,225,22,6.095078437030178,3.5981346390133484,11,2,32,2,,0.354995496000015,0,0,0,0,0,0,0,0,0,0
0.023990465328097343,,1,11,3,32,2,5,0,32,0,10,1,0.0,0,12.559955223052095,210.35195376297273,1459,7,7,7,0,1,67,2,3.0417100993823265,1.2246591525066768,8,1,32,1,,0.42543151500001386,10,7,0,7,0,7,0,7,0,10
0.01989409141242504,,1,4,6,32,5,0,0,32,0,54,1,0.0,0,177.87087944570197,272.4554074176168,1468,32,32,32,0,1,387,2,2.0104583704736396,1.6005523600137104,12,9,32,2,,0.5410307419999754,54,31,27,32,1,31,27,32,1,78
,,0,,,,,,,,,,,,,,,1471,,,,,,,,,,,,,,missing_positive_or_negative_mode,,,,,,,,,,,
0.024753499776124954,,1,1,2,32,2,0,0,32,0,10,1,2.0,0,98.54872485073572,244.18716626132039,1483,6,7,7,1,1,223,34,6.597832492226267,11.170555514116163,4,8,32,5,,0.32491990400001214,12,7,5,9,0,6,4,7,0,10
0.02474386617541313,,1,17,4,32,4,1,0,32,0,0,1,0.0,0,91.99746220821065,185.91483704285935,1489,0,0,0,0,1,254,15,4.706657816648072,15.031642240781954,17,1,32,1,,0.4280292149999809,0,0,0,0,0,0,0,0,0,0
,,0,,,,,,,,,,,,,,,1493,,,,,,,,,,,,,,missing_positive_or_negative_mode,,,,,,,,,,,
0.02474386617541313,,1,5,4,32,3,0,1,32,1,19,1,0.0,0,89.20478122421028,15.122607186620057,1502,14,15,15,1,1,435,33,3.571306198475052,14.887965115592536,5,4,32,4,,0.537364058000037,19,5,15,15,10,5,15,15,10,19
0.02472458779811859,,1,13,4,32,1,16,0,32,0,111,1,0.0,0,5.348397812976313,72.43364243111253,1505,32,32,32,0,1,43,5,4.027445478970934,10.325559339880419,18,7,32,0,,0.5390685149999968,108,30,21,32,1,30,21,32,1,141
0.026833264157176018,,1,2,3,32,1,0,0,32,0,71,1,4.0,1,38.30432898950925,102.56002856980615,1506,32,32,32,0,1,9,0,6.343807569577531,23.529076586499656,6,9,32,3,,0.47207000700001345,72,26,29,32,3,27,29,32,2,98
0.02474386617541313,,1,6,9,32,3,0,0,32,0,76,1,0.0,0,3.4499502368368407,74.79388064025466,1508,31,32,32,1,1,161,31,10.306204537590897,27.726451575518507,15,10,32,1,,0.4779589460000011,75,26,21,32,4,26,19,32,4,138
,,0,,,,,,,,,,,,,,,1515,,,,,,,,,,,,,,missing_positive_or_negative_mode,,,,,,,,,,,
0.025456270202994347,,1,5,3,32,3,1,2,32,2,2,1,0.0,0,95.11798285971814,31.406625438495134,1518,2,2,2,0,1,382,6,3.8695841822960158,6.16831038030738,5,9,32,9,,0.3115838589999953,3,1,3,3,2,1,2,2,1,2
0.02400040253996849,,1,3,12,32,12,0,13,32,13,3,1,3.0,1,177.067173518426,220.67378502464342,1527,2,3,3,1,1,6,0,1.464743277084124,4.980576118669253,6,8,32,7,,0.3441219320000073,3,0,3,3,3,0,3,3,3,3
0.02546563372015953,,1,5,8,32,8,2,13,32,13,22,1,0.0,0,5.824323710000832,92.38896705895067,1531,1,6,6,5,1,130,18,4.670909379417095,10.328001700799282,1,4,32,4,,0.3226912430000084,21,0,7,7,7,0,6,6,6,22
0.02404010482132435,,1,14,7,32,0,0,0,32,0,53,1,0.0,0,177.93798480246667,183.51209226397896,1540,30,32,32,2,1,355,10,1.8138895001265498,3.1293645736080005,11,8,32,4,,0.5061689829999523,53,30,26,32,1,30,26,32,1,72
0.025446902960538864,,1,10,9,32,2,10,9,32,1,104,1,0.0,0,1.3888293199755752,46.873660982338805,1542,31,32,32,1,1,428,30,2.4249717478763584,15.445614562128718,12,15,32,4,,0.5430067789999953,102,24,29,32,6,24,29,32,6,114
0.02402026206254959,,1,19,7,32,1,0,0,32,0,64,1,0.0,0,177.45782031600146,177.8647383128129,1544,30,32,32,2,1,339,9,2.3531481540434998,3.4121895452745723,16,16,32,4,,0.5491573300000141,63,29,29,32,3,30,29,32,2,106
0.02476312965154648,,1,10,6,32,4,23,10,32,1,71,1,0.0,0,4.015316720246695,92.76590307167604,1546,32,32,32,0,1,150,2,1.0333339388453429,2.204905353570938,13,19,32,9,,0.5318067769999857,71,27,22,32,3,27,22,32,3,87
0.02400040253996849,,1,12,4,32,0,0,0,32,0,54,1,0.0,0,178.34164043639018,332.4948153399988,1552,28,29,31,3,1,406,24,3.6658963370090922,4.075847201828761,13,8,32,1,,0.4317601089999812,56,28,26,31,3,28,26,31,3,78
0.02474386617541313,,1,8,2,32,2,4,0,32,0,0,1,0.0,0,111.71188361308539,324.34468275153057,1553,0,0,0,0,1,143,35,5.845966584731803,5.318380186598483,3,6,32,6,,0.27143656099997315,0,0,0,0,0,0,0,0,0,0
0.02472458779811859,,1,4,6,32,6,2,4,32,4,1,1,0.0,0,176.47565897440307,192.32066197782893,1556,0,1,1,1,1,262,17,9.460099532369526,16.853635044169522,7,6,32,6,,0.26734950899998466,2,0,2,2,2,0,1,1,1,1
0.02474386617541313,,1,0,1,32,1,1,1,32,1,0,1,4.0,0,84.41039196288229,124.92414238737636,1563,0,0,0,0,1,216,45,1.8495700300578906,5.654910161207936,2,3,32,3,,0.2484343860000422,0,0,0,0,0,0,0,0,0,0
0.024705294519662857,,1,6,4,32,2,1,0,32,0,29,1,1.0,0,20.825055095765187,79.85483313708549,1572,16,19,19,3,1,143,17,12.009044415650166,10.37121887718098,2,4,32,2,,0.3758915729999899,30,14,16,20,3,13,15,19,3,32
,,0,,,,,,,,,,,,,,,1573,,,,,,,,,,,,,,missing_positive_or_negative_mode,,,,,,,,,,,
0.02472458779811859,,1,3,2,32,2,0,1,32,1,5,1,0.0,0,177.03289474777506,346.3074017452874,1574,1,3,3,2,1,207,5,2.9567047239092914,6.593749835683941,6,4,32,2,,0.2880272479999917,5,0,1,3,1,0,1,3,1,5
0.024705294519662857,,1,2,3,32,1,0,0,32,0,34,1,0.0,0,89.1031927800562,141.84913067196717,1577,18,18,19,0,1,248,43,2.050928716848535,10.698545084158113,4,3,32,1,,0.34751641600001903,35,13,18,20,5,13,18,19,5,43
,,0,,,,,,,,,,,,,,,1578,,,,,,,,,,,,,,missing_positive_or_negative_mode,,,,,,,,,,,
0.02402026206254959,,1,9,2,32,2,0,1,32,1,1,1,0.0,0,24.00244561534836,144.34941669734678,1581,0,1,1,1,1,273,43,3.580225229720583,10.450595932019734,1,3,32,3,,0.26561415899999474,1,0,1,1,1,0,1,1,1,1
,,0,,,,,,,,,,,,,,,1591,,,,,,,,,,,,,,missing_positive_or_negative_mode,,,,,,,,,,,
0.03000447526574135,,1,15,10,32,2,3,2,32,0,19,1,2.0,0,5.7473421569664485,97.54245421715275,1592,12,12,12,0,1,49,1,1.4918078426747745,4.805995480251369,20,10,32,2,,0.3810519890000137,20,12,13,15,3,10,10,12,2,19
0.03002036362886429,,1,11,9,32,3,8,13,32,10,48,1,1.0,0,2.7997024190567927,112.69851550577701,1598,32,28,32,0,1,47,1,2.027729703747058,5.898084678684837,13,12,32,9,,0.50665346400001,50,23,25,32,7,23,25,32,7,48
0.024736639112234116,,1,3,6,32,5,0,0,32,0,10,1,0.0,0,178.3052772372443,156.40655118543197,1604,8,9,9,1,1,509,24,7.552342993079866,11.08655331107737,7,5,32,4,,0.3570902710000041,10,7,8,9,2,7,8,9,2,10
0.026815488934516907,,1,5,9,32,6,0,0,32,0,12,1,0.0,0,130.18044544866166,565.4862855268728,1615,9,9,9,0,1,74,7,1.861684122825677,14.37471378375123,6,4,32,4,,0.3726845180000282,14,9,6,10,0,9,6,9,0,12
0.02999652922153473,,1,10,1,32,0,1,0,32,0,73,1,0.0,0,21.950185834445758,15.761754345817828,1616,30,31,32,1,1,153,6,2.5836074273132743,2.7471071396182034,8,4,32,1,,0.4565457279999805,79,30,21,32,2,29,24,32,2,95
,,0,,,,,,,,,,,,,,,1620,,,,,,,,,,,,,,missing_positive_or_negative_mode,,,,,,,,,,,
0.02751758322119713,,1,20,8,32,4,8,5,32,4,55,1,0.0,0,4.258147122350804,104.86274205041188,1625,30,30,30,0,1,362,10,4.969050442226252,2.5326171866944214,13,4,32,3,,0.46572581000003765,64,18,28,32,12,21,29,30,9,63
0.026815488934516907,,1,3,15,32,14,0,0,32,0,14,1,1.0,0,11.245760417831853,114.91591873695144,1645,11,13,13,2,1,139,32,6.640420756929361,25.827343995711903,6,6,32,4,,0.3588780380000003,14,9,7,13,1,9,7,13,1,14
0.02474386617541313,,1,18,2,32,2,3,0,32,0,12,1,0.0,0,89.17180815197872,75.14976588707046,1646,10,10,10,0,1,514,4,2.2643310523793256,5.974539605239067,17,6,32,5,,0.3488908069999752,10,5,6,8,3,7,8,10,3,12
0.025446902960538864,,1,18,8,32,8,5,0,32,0,2,1,0.0,0,91.92429444605544,179.8151363924417,1647,2,2,2,0,1,245,1,1.0998462390237305,5.831358815459915,16,9,32,9,,0.3084263150000197,1,0,0,1,0,0,1,2,1,2
0.026140153408050537,,1,0,1,32,1,0,1,32,1,36,1,3.0,1,44.27176437609179,173.79571771241348,1650,9,13,13,4,1,8,0,3.4608792231464727,10.992805932467382,1,1,32,1,,0.31172341000001325,37,4,9,14,7,4,8,13,6,44
0.026140153408050537,,1,14,14,32,1,0,1,32,1,154,1,0.0,0,4.457651960775234,46.0112858379152,1661,32,32,32,0,1,331,3,6.21754628251952,14.173799385835665,15,15,32,2,,0.46703009199995904,155,28,32,32,4,28,32,32,4,187
0.024753499776124954,,1,20,14,32,0,12,2,32,1,118,1,0.0,0,4.840879876932167,61.191186862832744,1662,32,32,32,0,1,625,5,11.165148121073308,17.90753969182833,24,13,32,2,,0.4851871089999804,117,30,13,32,1,30,13,32,1,167
0.026167502626776695,,1,7,4,32,4,2,7,32,7,2,1,0.0,0,92.97520411678344,184.80665604547676,1667,0,2,2,2,1,251,6,1.4049231321207665,7.636208554701673,9,7,32,7,,0.29075279400001364,2,0,1,2,1,0,1,2,1,2
0.027482904493808746,,1,8,7,32,7,2,1,32,1,0,1,0.0,0,85.21496977329609,89.18215935123797,1675,0,0,0,0,1,313,28,3.8959063719895077,8.407633923148662,9,6,32,6,,0.2627416059999632,0,0,0,0,0,0,0,0,0,0
0.025437531992793083,,1,18,19,32,2,0,0,32,0,154,1,0.0,0,2.25741366559056,65.3748767804128,1677,32,32,32,0,1,378,10,5.989110767815411,9.991156929224651,14,15,32,1,,0.47435142599999836,153,29,28,32,0,29,28,32,0,206
0.027491578832268715,,1,16,14,32,4,1,10,32,10,116,1,0.0,0,2.330757860663024,79.83930844892032,1680,32,32,32,0,1,427,8,2.071296060850708,5.752467306960418,14,17,32,7,,0.48391052400000945,118,17,28,32,13,18,28,32,12,196
0.027508918195962906,,1,14,9,32,1,0,0,32,0,134,1,0.0,0,2.1133474096965794,91.52236376329297,1681,31,32,32,1,1,351,7,12.67822918844032,16.036952106765227,20,16,32,2,,0.4571262919999981,134,29,31,32,2,29,31,32,2,172
0.02476312965154648,,1,13,13,32,9,15,12,32,3,50,1,0.0,0,7.819250485464258,97.15938234494016,1691,20,20,20,0,1,71,2,3.033792140268421,2.816985852256395,11,9,32,5,,0.40275789700001496,52,16,19,20,3,16,19,20,3,53
0.02473904751241207,,1,12,2,32,1,2,0,32,0,74,1,0.0,0,179.19153901376737,257.4086440397125,1695,29,32,32,3,1,397,13,1.4602635353347748,8.94843766595117,18,6,32,2,,0.48347757999999885,73,29,13,32,3,29,12,32,3,153
0.026851030066609383,,1,3,1,32,1,0,0,32,0,11,1,1.0,0,96.21722045459893,311.9073064069409,1705,8,8,8,0,1,65,6,6.603254116747906,16.288701066730653,4,2,32,2,,0.2878594090000206,12,2,9,9,7,2,8,8,6,11
,,0,,,,,,,,,,,,,,,1707,,,,,,,,,,,,,,missing_positive_or_negative_mode,,,,,,,,,,,
0.02474386617541313,,1,8,9,32,9,1,3,32,3,4,1,0.0,0,131.2992422536314,369.036727026727,1712,0,2,2,2,1,53,6,3.825614899343314,14.841596107446831,3,9,32,9,,0.2716112769999768,4,0,2,2,2,0,2,2,2,4
0.0247294083237648,,1,6,0,32,0,20,0,32,0,0,1,0.0,0,94.43048763725983,81.71842552492598,1713,0,0,0,0,1,58,2,1.9985941898452582,7.798196643793983,13,1,32,0,,0.2631908320000207,0,0,0,0,0,0,0,0,0,0
0.027482904493808746,,1,4,0,32,0,0,0,32,0,19,1,2.0,0,167.76174133745587,671.3241731796059,1722,11,12,12,1,1,60,6,11.268040849760672,27.423417052144533,4,5,32,4,,0.31922891399995024,20,11,6,13,1,10,6,12,1,19
0.025446902960538864,,1,21,10,32,1,0,0,32,0,81,1,0.0,0,16.28626851439611,52.309658535186486,1735,32,32,32,0,1,647,22,3.5804727240119667,21.838876148245724,17,9,32,1,,0.48142532800000026,83,30,20,32,2,30,19,32,2,114
0.02472458779811859,,1,24,17,32,2,0,0,32,0,109,1,2.0,1,11.093760175554104,63.98259540773887,1736,32,31,32,0,1,458,45,1.2170469292723358,8.22888484939262,13,10,32,1,,0.4846562390000031,110,26,19,32,3,26,19,32,3,154
0.02474386617541313,,1,16,9,32,5,0,0,32,0,140,1,0.0,0,6.360345048361462,38.73496230517786,1738,30,32,32,2,1,285,21,1.241994082809291,13.774775381028045,6,8,32,4,,0.49727272100000164,142,25,26,32,4,27,27,32,3,209
0.026167502626776695,,1,1,8,32,7,3,22,32,20,65,1,0.0,0,6.122030701591876,56.24634980100915,1740,32,32,32,0,1,245,17,2.2435153444018323,6.520548986311592,9,9,32,6,,0.47017253399997117,65,31,26,32,1,31,26,32,1,74
,,0,,,,,,,,,,,,,,,1743,,,,,,,,,,,,,,missing_positive_or_negative_mode,,,,,,,,,,,
0.026851030066609383,,1,28,6,32,1,2,2,32,1,65,1,0.0,0,178.8300764869275,619.2032044702531,1746,32,32,32,0,1,378,12,2.1919824787448854,14.025921504235361,17,15,32,7,,0.49675041400001874,65,32,32,32,0,32,32,32,0,95
0.02474386617541313,,1,2,1,32,0,0,0,32,0,73,1,1.0,0,38.66589871304839,68.89174546126357,1756,31,32,32,1,1,72,3,10.308712373012304,19.37613523944748,7,12,32,6,,0.4012734229999637,72,29,29,32,2,29,29,32,2,105
0.024705294519662857,,1,2,2,32,2,0,1,32,1,0,1,0.0,0,99.106123302943,330.0445350930333,1758,0,0,0,0,1,142,7,3.9042070468455026,17.769027824938217,3,3,32,3,,0.24696403400002964,0,0,0,0,0,0,0,0,0,0
0.02401033416390419,,1,1,1,32,0,0,0,32,0,70,1,0.0,0,17.883319859646797,74.61553114229898,1761,29,28,30,0,1,96,9,5.534268591616929,18.33783869752094,5,3,32,0,,0.3956763059999844,70,24,23,30,0,24,23,30,0,104
0.024002885445952415,,1,3,10,32,9,1,25,32,25,6,1,0.0,0,179.5297220260589,548.0899124394812,1762,5,5,5,0,1,138,3,2.457639418584128,6.192953644901165,4,13,32,12,,0.3015416189999769,6,4,5,5,1,4,5,5,1,6
0.02472458779811859,,1,2,2,32,1,0,0,32,0,19,1,0.0,0,108.3714802780102,324.37191490713093,1767,15,15,15,0,1,154,15,2.120124140820198,21.22998642999726,5,5,32,1,,0.34744697000002134,18,11,13,14,2,12,13,15,2,19
